tree
version=v4
num_class=1
num_tree_per_iteration=1
label_index=0
max_feature_idx=197
objective=binary sigmoid:1
feature_names=active_24h_lag24 active_7d_lag24 residual_load total_load wind_onshore wind_offshore solar day_ahead wx_wind_speed_100m wx_wind_speed_10m wx_wind_direction_100m wx_wind_gusts_10m wx_shortwave_radiation wx_temperature_2m wx_cloud_cover wx_precipitation lat lon hour dow month is_weekend is_de_holiday town_110kV_Alt_Bennebek_(Privat) town_110kV_Bad_Oldesloe_(Privat) town_110kV_Barderup_(Privat) town_110kV_Breklum_(Privat) town_110kV_Dörpum_1_(Privat) town_110kV_Dörpum_2_(Privat) town_110kV_Flensburg_I town_110kV_Gasthafen_Niebüll_GmbH_(Privat) town_110kV_Geschendorf_(Privat) town_110kV_Grevenkop_(Privat) town_110kV_Großenwiehe_(Privat) town_110kV_Haby_(Privat) town_110kV_Heiligenhafen-Ost_(Privat) town_110kV_Hemme-Ost_(Privat) town_110kV_Hobstin_(Privat) town_110kV_Kamp_(Privat) town_110kV_Kastorf_(Privat) town_110kV_Klixbuell_(Privat) town_110kV_Krüzen_(Privat) town_110kV_Oldenswort_(Privat) town_110kV_Ostermoor-Ost_(Privat) town_110kV_Pölitz_(privat) town_110kV_Reußenköge_(Privat) town_110kV_Sieverstedt_(Privat) town_110kV_Südermarsch_(privat) town_110kV_Weding town_110kV_Weesby_(Privat) town_110kV_Weseby_(Privat) town_Ahrensburg_Nord town_Ahrenviöl town_Arkebek town_BOSA town_Bad_Bramstedt town_Bad_Bramstedt_Alt town_Bad_Segeberg town_Bahrenkrug town_Bargteheide town_Barlt town_Bisdorf town_Bokhorst town_Bollingstedt_Nord town_Bollingstedt_Süd town_Bornhöved town_Braak town_Brachenfeld town_Bramstedt town_Bramstedt_Süd town_Breklum town_Breklum_Ost town_Brokstedt town_Cismar_West town_Dieksanderkoog town_Dingen town_Eckernförde town_Ellenberg town_Elmshorn_Mitte town_Elmshorn_Ost town_Emmelsbüll_Ost town_Eutin_Süd town_Felde town_Friedrichstadt town_Geesthacht_Ost town_Geesthacht_West town_Gettorf town_Glinde town_Glückstadt town_Goosefeld town_Goosefeld_Neu town_Gravelund town_Großwaabs town_Göhl town_Göhl_Wind town_Hademarschen town_Halstenbek town_Hamburg_Nord town_Handewitt town_Heede town_Heide town_Heide_West town_Heiligenhafen town_Hemme_Ost town_Hemme_West town_Hohenwestedt town_Hohenwestedt_alt town_Holm town_Horstedt town_Husum town_Husum_Adlerhorst town_Husum_Nord town_Höhndorf town_Itzehoe_Mitte town_Itzehoe_Nord town_Itzehoe_Süd town_Jevenstedt town_Jübek_Ost town_Kaltenkirchen_Nord town_Kaltenkirchen_Süd town_Katenstedt town_Klixbüll town_Krogaspe town_Kropp town_Krüzen_West town_Langenhorn town_Lauenburg town_Lensahn town_Linden town_Lindewitt town_Lindewitt_Nord town_Löwenstedt town_Lübke_Koog_Ost town_Lübke_Koog_West town_Lütjenbrode town_Lütjenburg town_Marne_West town_Meldorf town_Mölln_West town_Neumünster_Mitte town_Neumünster_Nord town_Neumünster_Ost town_Neumünster_Süd town_Neumünster_West town_Niebüll town_Niendorf town_Nortorf town_Nortorf_Steinburg town_Oldenborstel town_Oldersbek town_Ostermoor_West town_Pinneberg_Mitte town_Quickborn town_Quickborn_D. town_Quickborn_Ost town_Quickborn/Dithmarschen town_Reinsbüttel town_Rendsburg_Mitte town_Rendsburg_Nord town_Rogerfelde town_Schacht town_Scharbeutz town_Schenefeld_HH town_Schobüll town_Schuby town_Schuby_West town_Schwarzenbek town_Schwensby town_Sieverstedt_Süd town_Sillerup town_Soholm town_St._Peter town_Steinburg town_Stolpe town_Str?bbel town_Struxdorf town_Strübbel town_Süderbrarup town_Süderdeich town_Tarp town_Toftum town_Trenter_Berg town_Tönning town_Uelvesbüll town_Uetersen_W town_Uetersen_West town_Vollstedt town_W town_Wahlstedt town_Wahlstedt_Neu town_Wattenbek town_Wedel_Nord town_Weding town_Weesby town_Weißenhaus town_Willinghusen town_Wöhrden town_Wöhrden_Ost
feature_infos=[0:24] [0:168] [-8229.83984375:68624.75] [32813.25:76298.25] [47:46510.75] [0:7901.5] [2:52466.25] [-250.32000732421875:936.280029296875] [0.40000000596046448:63.799999237060547] [0:42.200000762939453] [0:360] [0.69999998807907104:82.400001525878906] [0:876] [-13.199999809265137:34.099998474121094] [0:100] [0:12.699999809265137] [51.479747772216797:54.863014221191406] [7.0257678031921387:13.282715797424316] [0:23] [0:6] [1:12] [0:1] [0:1] [0:1] [0:1] [0:1] [0:1] [0:1] [0:1] [0:1] [0:1] [0:1] [0:1] [0:1] [0:1] [0:1] [0:1] [0:1] [0:1] [0:1] [0:1] [0:1] [0:1] [0:1] [0:1] [0:1] [0:1] [0:1] [0:1] [0:1] [0:1] [0:1] [0:1] [0:1] [0:1] [0:1] [0:1] [0:1] [0:1] [0:1] [0:1] [0:1] [0:1] [0:1] [0:1] [0:1] [0:1] [0:1] [0:1] [0:1] [0:1] [0:1] [0:1] [0:1] [0:1] [0:1] [0:1] [0:1] [0:1] [0:1] [0:1] [0:1] [0:1] [0:1] [0:1] [0:1] [0:1] [0:1] [0:1] [0:1] [0:1] [0:1] [0:1] [0:1] [0:1] [0:1] [0:1] [0:1] [0:1] [0:1] [0:1] [0:1] [0:1] [0:1] [0:1] [0:1] [0:1] [0:1] [0:1] [0:1] [0:1] [0:1] [0:1] [0:1] [0:1] [0:1] [0:1] [0:1] [0:1] [0:1] [0:1] [0:1] [0:1] [0:1] [0:1] [0:1] [0:1] [0:1] [0:1] [0:1] [0:1] [0:1] [0:1] [0:1] [0:1] [0:1] [0:1] [0:1] [0:1] [0:1] [0:1] [0:1] [0:1] [0:1] [0:1] [0:1] [0:1] [0:1] [0:1] [0:1] [0:1] [0:1] [0:1] [0:1] [0:1] [0:1] [0:1] [0:1] [0:1] [0:1] [0:1] [0:1] [0:1] [0:1] [0:1] [0:1] [0:1] [0:1] [0:1] [0:1] [0:1] [0:1] [0:1] [0:1] [0:1] [0:1] [0:1] [0:1] [0:1] [0:1] [0:1] [0:1] [0:1] [0:1] [0:1] [0:1] [0:1] [0:1] [0:1] [0:1] [0:1] [0:1] [0:1] [0:1] [0:1] [0:1] [0:1] [0:1]
tree_sizes=6879 7028 6987 6975 6972 6988 7101 7045 7031 7075 7015 7058 7043 7109 7008 7013 6992 7056 6989

Tree=0
num_leaves=63
num_cat=0
split_feature=1 4 4 16 5 4 16 13 0 5 0 17 21 16 21 5 16 4 10 171 16 5 8 13 11 11 13 0 17 17 17 16 17 13 16 16 16 14 5 2 11 1 10 183 174 45 8 145 1 17 10 5 5 10 13 2 13 13 14 13 174 183
split_gain=1.16549e+06 379389 301054 140434 83399.5 82319.7 53950.2 39281.6 31957.9 29845.3 28202.2 23618.2 22741.7 22587.7 21921.1 20415.9 20103.1 17531.3 17038.7 16157.6 15868.3 13249.3 12931.3 14035.5 12588.6 12579.4 12398 12406.1 12148.7 12640.2 12065.3 22003.8 16890.5 11073.9 10926.4 10719 12850 10424.4 9708.82 9665 9359.79 9045.32 8638.65 8515.29 8461.48 8683.81 8345.69 8255.89 8155.63 8151.35 7702.78 7378.84 7369.64 7366.31 7342.5 13757.8 8359.13 7259.75 7094.6 7976.29 7044.17 7355.55
threshold=1.0000000180025095e-35 13825.500000000002 13825.500000000002 53.928178787231452 2833.6250000000005 7152.1250000000009 53.928178787231452 9.1500000953674334 1.0000000180025095e-35 2833.6250000000005 20.500000000000004 9.2086114883422869 1.0000000180025095e-35 53.928178787231452 1.0000000180025095e-35 1328.6250000000002 53.829820632934577 33044.750000000007 335.50000000000006 1.0000000180025095e-35 54.819992065429695 1328.6250000000002 49.45000076293946 9.6500000953674334 31.85000038146973 30.400000572204593 11.84999990463257 1.0000000180025095e-35 9.2086114883422869 9.9310779571533221 9.2086114883422869 54.819992065429695 10.328865528106691 6.1499998569488534 54.819992065429695 54.279195785522468 54.432249069213874 7.5000000000000009 1301.0000000000002 1.0000000180025095e-35 18.550000190734867 9.5000000000000018 232.50000000000003 1.0000000180025095e-35 1.0000000180025095e-35 1.0000000180025095e-35 31.250000000000004 1.0000000180025095e-35 8.5000000000000018 10.215904235839846 339.50000000000006 1114.1250000000002 3603.5000000000005 199.50000000000003 3.7500000000000004 48151.125000000007 7.6499998569488534 0.55000001192092907 1.0000000180025095e-35 11.250000000000002 1.0000000180025095e-35 1.0000000180025095e-35
decision_type=2 2 2 2 2 2 2 2 2 2 2 2 2 2 2 2 2 2 2 2 2 2 2 2 2 2 2 2 2 2 2 2 2 2 2 2 2 2 2 2 2 2 2 2 2 2 2 2 2 2 2 2 2 2 2 2 2 2 2 2 2 2
left_child=2 5 4 19 13 10 -6 30 16 33 14 20 28 -1 26 39 -3 58 25 22 60 -16 23 -4 54 57 27 -2 34 46 31 35 -32 -7 43 -5 -37 -26 48 -15 -13 -35 -11 44 45 -9 -30 -34 -28 -42 -44 -10 -25 -48 -17 -56 -57 -18 -14 -60 61 -8
right_child=1 8 3 7 6 9 11 12 51 42 -12 40 17 15 21 24 18 -19 -20 -21 -22 -23 -24 52 37 -27 38 -29 29 -31 32 -33 47 41 -36 36 -38 -39 -40 -41 49 -43 50 -45 -46 -47 53 -49 -50 -51 -52 -53 -54 -55 55 56 -58 -59 59 -61 -62 -63
leaf_value=-2.1376162689859934 -2.0831823157453062 -2.0760213958011158 -2.1282605997116466 -1.9855160205445797 -2.1264706237453663 -2.0689957629127376 -2.0270280838217305 -1.9793952852448968 -2.0260444106411977 -2.0177484604462976 -1.9695697421405325 -2.1050469601444033 -2.021392663221504 -2.0602441493857122 -2.1166890072782336 -2.1323802028946734 -2.0461999754883218 -1.9720519770075304 -2.1286056439532883 -1.9648185022058513 -2.1107378874806435 -2.0664359308563367 -2.0183451252664648 -2.1155179128418227 -2.0137011937040841 -1.9786105475276929 -2.0839920563904548 -2.0403493594620548 -2.0615051344087418 -2.0027825658559739 -2.075900528485612 -2.1151427781139858 -2.021105708091282 -2.0486094324168418 -2.0574500888818634 -2.0865673270522693 -2.0205672074545262 -2.0845299334998204 -2.0269530583536994 -2.125160143073145 -2.0813142515971745 -2.0152820552034809 -1.9882308561395181 -2.1527411914920558 -2.1527411914920558 -2.1527411914920558 -1.9960728543608393 -2.1527411914920558 -2.0415518163433735 -2.0409887960555579 -2.0936250914417855 -1.9638402856541841 -2.0733958108298749 -2.0509059258757589 -2.1067320751553407 -2.1055764301288296 -2.0197676454637667 -1.9969598164416176 -2.0389698988734843 -2.1078351079207955 -2.1527411914920558 -2.1527411914920558
leaf_weight=18321.986925438046 9231.3247822374105 1062.1205708906054 8128.8940059095621 2101.1482539847493 7575.0222722142935 3819.6923745796084 8419.7421974763274 7939.8092301562428 778.69597858190536 8617.9418612644076 1278.5132828205824 4624.2503475770354 774.19011851400137 950.12020596116781 4520.429204210639 3133.8358575254679 1305.2638021707535 771.49657628685236 341.8021739050746 327.89724124968052 1174.4108715951443 3917.0790515393019 636.37491404265165 2704.7208990082145 1105.5208087638021 27290.407919831574 3171.3080190867186 3825.7980255186558 3891.759262137115 6367.9649876132607 12591.747024998069 1231.399779766798 3641.249103628099 5933.6066885665059 980.56531503796577 1600.2949848547578 4492.5754030123353 3349.3434598743916 7052.1967967376113 26638.506203718483 7742.9994035884738 7222.5975002795458 10654.551059924066 121.95427995175123 117.68350750207901 117.30388328433037 2218.014368802309 201.10592935234308 4223.0003832057118 2705.735797084868 284.79353133589029 37364.072731986642 4307.3512264713645 1755.7481215596199 11669.346168279648 699.63950870931149 1293.9620570912957 14531.601181089878 933.75418881326914 2406.9426583573222 190.57135730981827 190.38154520094395
leaf_count=180844 68976 7601 76884 6658 71048 26153 42080 23018 3858 39547 3153 39007 3677 6139 40450 30209 7626 1987 3238 740 10201 26378 2937 24063 4876 78173 23809 21366 25362 25023 90045 10935 17248 35297 6215 12196 21174 25225 35222 248311 57218 32359 35036 1285 1240 1236 8060 2119 23808 15187 2259 82713 30327 10622 99301 5918 6053 53374 5158 20599 2008 2006
internal_value=-2.04737 -2.00796 -2.0836 -2.05192 -2.10594 -2.04094 -2.0797 -2.03652 -1.97855 -2.01961 -2.06188 -2.06556 -2.02028 -2.11868 -2.06516 -2.11158 -1.99005 -2.05954 -1.98795 -2.10378 -2.04168 -2.09336 -2.10666 -2.11038 -2.09684 -1.98684 -2.05651 -2.07063 -2.01212 -2.02373 -2.05435 -2.03632 -2.0647 -2.03902 -1.99431 -2.02447 -2.0379 -2.06695 -2.04374 -2.12292 -2.08136 -2.03031 -2.00277 -1.98685 -1.98438 -1.98192 -2.04069 -2.028 -2.05975 -2.07087 -1.99097 -1.96511 -2.08964 -2.0203 -2.10477 -2.09844 -2.04988 -2.00102 -2.07594 -2.08859 -2.03247 -2.02981
internal_weight=326574 156427 170147 70361.9 99785.4 73752.8 32623.1 54256.7 82674 36533.2 37219.6 25048.1 28397.2 67162.3 35941.1 48840.3 44531.2 4886.38 43469.1 16105.2 9975.11 8437.51 15777.3 15141 21251.6 43127.3 27503.6 13057.1 23510.8 14233.5 25859.5 9425.42 16434.1 16975.9 9277.32 8194.02 6092.87 4454.86 14446.5 27588.6 15073 13156.2 19557.3 8296.75 8174.8 8057.11 7865.52 3842.36 7394.31 10448.7 10939.3 38142.8 7012.07 3973.76 16796.8 13662.9 1993.6 15836.9 4114.89 3340.7 8800.7 8610.12
internal_count=1924835 650396 1274439 428808 845631 413813 238755 293857 236583 170651 243162 167707 133482 606876 240009 426032 150012 31421 142411 134951 56295 66828 134211 131274 171582 139173 173181 90342 102061 69067 160375 50963 109412 93809 32994 40028 33370 30101 82839 254450 111412 67656 76842 26779 25494 24254 44044 19367 47617 72405 37295 86571 54390 18682 141481 111272 11971 61000 29434 25757 46094 44086
is_linear=0
shrinkage=1


Tree=1
num_leaves=63
num_cat=0
split_feature=4 16 16 5 171 17 171 16 19 4 17 4 11 8 132 183 174 150 17 45 17 13 17 27 10 16 13 10 19 16 95 17 17 16 4 150 16 9 190 67 17 16 13 17 16 132 122 152 16 95 16 16 16 8 6 9 22 10 16 10 10 190
split_gain=696692 230341 172662 136989 67822.9 59132 44485.6 43499.4 38919.3 36221.5 34549.2 26376.1 22918.3 22708.2 21956.3 21886.4 22046.9 21718.3 21220.7 19683.1 17874.7 14916.3 14195.6 14074.1 12844.1 12437.4 11655.4 11026.7 10855.3 10681.4 11375.8 15857.6 22962.7 16055.8 10409.9 10207.6 9942.4 9420.78 9365.13 9270.07 10966.2 11763.5 10094.8 10075.1 9222.52 8965.07 8708.62 8660.07 8459.21 8408.71 8033.16 11303.8 7880.39 7770.9 7498.83 8272.71 7288.67 10060.5 7229.82 7049.07 8042.19 6785.83
threshold=13825.500000000002 53.928178787231452 53.928178787231452 2833.6250000000005 1.0000000180025095e-35 9.1928801536560076 1.0000000180025095e-35 54.819992065429695 3.5000000000000004 7906.0000000000009 10.328865528106691 5961.6250000000009 22.500000000000004 31.250000000000004 1.0000000180025095e-35 1.0000000180025095e-35 1.0000000180025095e-35 1.0000000180025095e-35 11.177026748657228 1.0000000180025095e-35 9.2086114883422869 25.050000190734867 9.8297715187072772 1.0000000180025095e-35 76.500000000000014 54.819992065429695 5.8500001430511483 212.50000000000003 5.5000000000000009 53.935955047607429 1.0000000180025095e-35 9.8079113960266131 9.3598327636718768 54.034145355224616 17197.875000000004 1.0000000180025095e-35 53.938934326171882 32.350000381469734 1.0000000180025095e-35 1.0000000180025095e-35 9.2086114883422869 53.935955047607429 3.4500000476837163 10.459664821624758 54.019536972045906 1.0000000180025095e-35 1.0000000180025095e-35 1.0000000180025095e-35 54.363836288452156 1.0000000180025095e-35 54.059169769287116 53.935955047607429 54.363836288452156 33.250000000000007 5.8750000000000009 17.550000190734867 1.0000000180025095e-35 274.50000000000006 54.819992065429695 238.50000000000003 337.50000000000006 1.0000000180025095e-35
decision_type=2 2 2 2 2 2 2 2 2 2 2 2 2 2 2 2 2 2 2 2 2 2 2 2 2 2 2 2 2 2 2 2 2 2 2 2 2 2 2 2 2 2 2 2 2 2 2 2 2 2 2 2 2 2 2 2 2 2 2 2 2 2
left_child=2 4 6 8 17 7 35 15 12 28 13 -5 39 29 -9 16 19 26 52 23 25 27 36 34 -14 59 -2 -11 -10 -7 31 32 47 -33 -3 56 -22 54 46 40 58 -42 -43 -44 -24 -27 -35 -31 -45 -38 51 -15 -12 -26 -28 -56 -1 -58 -4 -13 -61 -52
right_child=1 5 3 11 -6 10 -8 14 9 21 18 20 24 50 -16 -17 -18 -19 -20 -21 22 -23 44 -25 53 45 37 -29 -30 30 -32 33 -34 38 -36 -37 49 -39 -40 -41 41 42 43 48 -46 -47 -48 -49 -50 -51 61 -53 -54 -55 55 -57 57 -59 -60 60 -62 -63
leaf_value=-0.0039306063627941703 0.0025392724638414331 0.11847428794533432 0.059046004106399999 0.051885884069488561 0.14942014293089076 0.14344563547534328 0.10607784194734722 0.024691589502454949 0.0029399733679067214 0.026850889409645917 0.13211806683375696 0.094680933179737872 0.034247778629713545 0.14937651073834077 0.12805864620424473 -0.022434539344048092 -0.019756614049036295 0.1182487915717501 0.035005180913634332 -0.0041613044772933205 0.13915261384135894 0.11431315631904566 0.012567978546477872 0.032234345278279126 0.071223112594957907 0.007310141595511104 -0.010501150396724042 0.066236961250736096 0.031425725612649731 0.10293110486888851 0.14341877412496395 0.025111902482903892 0.04679760847509587 0.10716304417422647 0.13935568283974056 0.060456842938709558 0.05223560884263731 0.11582446391472891 -0.022567595936820301 0.12536537165343578 0.12378163756030812 -0.00016818463258523996 0.027078468435485781 0.078928961161863168 0.095785983469067484 0.11866768161146743 -0.014790127709126022 -0.02039763645297404 0.0068616466397583079 0.13295147678928815 0.11397159356013227 0.065472276422752287 0.10014310718523241 0.12043825759888815 0.056132975587695796 0.019739102783272074 -0.00072013722598651968 0.11938387482890229 0.0093615884990279497 0.12189318460468869 0.0070659163082354495 -0.022582605131782216
leaf_weight=27364.665243014693 5742.053275488317 11772.018159672618 13699.16979637742 8738.0126205310225 2167.5236913636327 1103.3051694184542 1685.6610328257084 2364.6476817205548 15595.530443169177 5655.5029292702675 18903.891866691411 8819.6338135972619 3747.1906648799777 801.99071033298969 1259.9298132956028 365.71987661719322 377.03015697747469 1082.5309760272503 1051.9056319892406 411.94163373857737 618.02134431898594 1471.9705329239368 556.4444183409214 533.3274003341794 19496.99774056673 876.87596144527197 1381.1442395970225 5717.962292380631 8146.3043805509806 5207.189812399447 1091.3677680939436 1206.9933475852013 10346.794149152935 10815.897113889456 50586.222736552358 1092.1571972891688 9672.3542534410954 579.9137052372098 236.89774420112371 540.61272009462118 544.16598833352327 3704.435304440558 11454.941373556852 3152.7983210012317 12478.608423300087 431.4822863638401 239.40381602197886 238.16357909142971 821.18986039608717 545.37329163402319 20860.534924522042 3224.9937628358603 3683.9268093705177 1373.7366699725389 5370.5030989572406 4671.506402887404 699.50332860648632 464.03987002372742 1281.0655158013105 9972.8513538911939 250.09250965714455 146.58645988255739
leaf_count=264595 53539 37925 89289 58700 3779 2372 7214 18969 143078 44936 49474 40041 28645 1441 3784 3784 3855 3778 7653 3783 1560 5610 4728 3812 115955 7878 13506 34961 64449 21248 2368 9361 70618 42329 114222 7172 64943 2066 2352 1857 1909 34651 92325 17579 56969 1588 2324 2376 7378 1570 73887 18758 15225 4918 36014 39217 6693 1846 11426 32184 2167 1449
internal_value=0.0760996 0.10544 0.0488451 0.0577962 0.0434766 0.1143 0.0061386 0.128027 0.0435999 0.0273515 0.102565 0.0836381 0.0535384 0.0939434 0.0606227 0.131842 0.132728 0.0312799 0.122814 0.133636 0.0899122 0.0544054 0.0781716 0.134539 0.0683413 0.103683 0.0259744 0.0466521 0.012714 0.0823526 0.0800586 0.0776144 0.0642933 0.0944451 0.135414 0.000451169 0.0612555 0.0371853 0.101856 0.0431851 0.0419032 0.0320873 0.0294794 0.0365977 0.0922335 0.0440346 0.104522 0.0975371 0.0640369 0.0565438 0.108058 0.0821822 0.126903 0.0744625 0.0331931 0.0392027 -0.00184605 0.0471793 0.0547971 0.107782 0.119084 0.113019
internal_weight=348495 167826 180669 149363 20995.2 146831 31306 67670.8 96403.6 36587.3 79159.8 52959.8 59816.3 55520.1 3624.58 64046.3 63680.5 18827.7 23639.7 63303.5 44221.7 12845.4 23870.8 62891.6 24617.9 20350.9 17745.1 11373.5 23741.8 30486 29382.7 28291.3 15792.1 12499.2 62358.2 29620.4 10835.7 12003.1 11292.2 35198.4 34657.8 19677.5 19133.4 15428.9 13035.1 1308.36 11055.3 5445.35 3973.99 10217.7 25034.1 4026.98 22587.8 20870.7 11423.2 10042 28528.2 1163.54 14980.2 19042.6 10222.9 21007.1
internal_count=1924082 665268 1258814 971294 151899 513369 287520 190134 698966 293034 323235 272328 405932 250883 22753 167381 163597 148120 72352 159742 213628 85507 129770 155959 149518 83858 144342 79897 207527 155348 152976 150608 94242 56366 152147 280306 68073 90803 47005 256414 254557 153842 151933 117282 61697 9466 44653 23624 24957 66513 95535 20199 64699 120873 88737 75231 273134 8539 100715 74392 34351 75336
is_linear=0
shrinkage=0.02


Tree=2
num_leaves=63
num_cat=0
split_feature=0 16 8 8 10 8 19 19 17 10 2 8 17 19 16 17 10 16 2 19 17 17 18 16 95 3 19 132 16 17 16 11 17 16 20 17 45 174 174 17 17 16 9 190 89 17 3 10 20 145 2 190 2 20 17 8 132 45 3 10 13 20
split_gain=461207 305437 220459 60776.3 44788.2 42800.2 40376 39071.9 34663.5 24983.2 22010.9 20518 19594 19573 18186.4 17714.6 17597.9 16257.4 14797.2 14261.8 12533.3 11138.4 10804.5 10754.1 10445.8 10422.5 10261.7 10142.5 10112.3 10090.1 10568.8 9665.5 9473.31 12577.4 9012.84 8966.93 8823.69 8731.01 8700.69 8623.62 11980.5 12109.6 8500.54 8411 8065.92 8064.93 8050.13 7976.75 7963.73 7936.88 7915.8 7887.52 7874.23 7746.7 7558.86 7539.44 7313.06 7310.3 7277.12 7176.59 7505.49 8673.67
threshold=1.0000000180025095e-35 53.928178787231452 20.550000190734867 29.849999427795414 167.50000000000003 24.050000190734867 1.5000000000000002 1.5000000000000002 9.2086114883422869 325.50000000000006 29960.500000000004 16.349999427795414 9.9310779571533221 3.5000000000000004 54.819992065429695 9.2086114883422869 195.50000000000003 54.819992065429695 29960.500000000004 5.5000000000000009 9.2086114883422869 9.6553378105163592 9.5000000000000018 54.042627334594734 1.0000000180025095e-35 42384.000000000007 5.5000000000000009 1.0000000180025095e-35 53.938934326171882 9.9310779571533221 54.034145355224616 14.59999990463257 9.491122245788576 53.839042663574226 1.5000000000000002 11.177026748657228 1.0000000180025095e-35 1.0000000180025095e-35 1.0000000180025095e-35 9.6553378105163592 9.491122245788576 53.839042663574226 32.350000381469734 1.0000000180025095e-35 1.0000000180025095e-35 9.2879447937011737 39473.625000000007 36.500000000000007 7.5000000000000009 1.0000000180025095e-35 31125.544921875004 1.0000000180025095e-35 14350.625000000002 4.5000000000000009 10.212865352630617 11.34999990463257 1.0000000180025095e-35 1.0000000180025095e-35 47274.125000000007 36.500000000000007 14.150000095367433 5.5000000000000009
decision_type=2 2 2 2 2 2 2 2 2 2 2 2 2 2 2 2 2 2 2 2 2 2 2 2 2 2 2 2 2 2 2 2 2 2 2 2 2 2 2 2 2 2 2 2 2 2 2 2 2 2 2 2 2 2 2 2 2 2 2 2 2 2
left_child=1 10 7 4 6 13 59 18 14 15 39 -9 24 -2 36 17 26 37 55 34 -18 32 52 -14 28 -17 -13 -16 -10 -27 -31 -20 -12 -34 -8 43 38 47 46 40 -1 -42 54 -25 45 -30 -6 -5 -15 51 -36 -32 -21 -33 -41 -3 -19 -49 -28 -4 -61 -62
right_child=5 2 3 9 8 -7 19 11 12 -11 21 16 23 48 27 25 20 56 31 22 -22 -23 -24 35 -26 29 58 -29 44 30 49 53 33 -35 50 -37 -38 -39 -40 42 41 -43 -44 -45 -46 -47 -48 57 -50 -51 -52 -53 -54 -55 -56 -57 -58 -59 -60 60 61 -63
leaf_value=0.02342176974324215 0.10740394105845519 0.050653152185465074 0.020771064754453335 0.011980795803394107 0.026022188607570343 0.1267279284377478 0.10571374251696641 0.023147409356969493 0.1242330121683542 0.0039843395899744165 0.0032875136441839732 0.014009650757873771 0.041320512316575173 0.081346807989326642 0.0096225799524054332 0.036168224699858711 0.08022821566285894 0.024477457609478521 0.036318163059776171 0.099471175664006539 0.044093117745900176 -0.0077315237907836787 0.084139745091726226 0.095741257832173174 0.12798207343404144 0.081725833380845214 0.030767700877124146 0.10848438396364374 0.076206217020991271 0.045142922387748384 0.11151919000940362 0.080794203487607116 0.10133490595449646 0.010496321553552533 0.035433482911737472 0.013411064426811801 -0.015317681518853241 -0.021514624594515776 -0.01620769758042407 0.0052306527302098983 0.11944717808866298 0.034624672945851753 0.10203180454974937 -0.0225741216935746 0.11753921881455143 0.037140451511388485 0.1059997366361345 0.11840989384991955 0.034875169316945918 -0.022593768853963272 0.0041390579792411463 -0.02254534806081146 -0.0051056028310260291 0.048790560910482464 0.031176853390787788 0.088343908093973397 0.11376615306707059 -0.0012888059231584456 0.091297444976899109 0.10226471038303953 0.094965385265067342 0.028431640679609429
leaf_weight=3663.3453623950481 19527.069869279861 2800.6721336618066 663.40561673045158 290.07606831938028 513.4698880687356 45756.906413301826 509.25436044484377 32220.377194017172 699.74058845639229 1115.1729096993804 3722.4082276076078 7323.7792371436954 2070.0905642583966 8066.8953017145395 1381.8789593204856 1382.6776364073157 7071.2176807150245 1194.9641548469663 9668.272073559463 380.03250634670258 8400.7907294407487 18198.454187840223 3244.6528796777129 13036.450699329376 713.69537080824375 17517.205722175539 1851.3512480035424 593.31694301962852 2537.5908836498857 1143.6817461177707 14430.371273361146 5462.7700709924102 1169.3413314372301 1273.8898593708873 6528.3040847107768 582.85550626367331 253.10377039015293 185.2681974992156 241.32318998128176 9317.4307699128985 1410.3143817037344 1288.1562871336937 491.60846417397261 244.85371832549572 615.11208302527666 12657.772034578025 25710.036711320281 25460.865082919598 1805.0901535078883 183.14980171620846 6405.3220827952027 177.70015025883913 1189.3026704341173 6780.5156788900495 8670.8701441660523 8772.1801183000207 529.4996293336153 205.73659355938435 1391.7064009085298 5883.1508325859904 1684.6342415139079 1465.6052486672997
leaf_count=29443 64367 18331 5221 2233 3644 88409 1756 253696 1626 9248 34211 59768 13623 37603 11874 8997 33190 9352 69890 1494 55734 178995 14960 49184 1579 77646 13821 1955 12685 7033 41127 27020 4164 11437 43766 4659 2391 1919 2392 84594 3354 9881 1663 2428 1814 88122 81502 60567 12459 1810 54820 1777 10607 43643 68280 38390 1542 1857 6047 21711 6690 10785
internal_value=0.0704068 0.0591238 0.0682438 0.0828943 0.0722898 0.11463 0.0512803 0.0437123 0.0817851 0.0978172 0.0136466 0.0338173 0.0678572 0.0958008 0.0978803 0.0994861 0.0470202 0.111372 0.0609284 0.0337628 0.060608 0.000139629 0.0633019 0.0838416 0.0530696 0.089978 0.0271249 0.0393191 0.0498313 0.0922021 0.103719 0.0512661 0.0233721 0.0539721 0.0231846 0.0901905 0.10221 0.115295 0.103334 0.0268938 0.0469775 0.0789559 0.0199799 0.09356 0.0465385 0.0436643 0.104434 0.116272 0.0728495 0.108248 0.0199351 0.109888 0.0202189 0.0630701 0.0177375 0.0792226 0.0518937 0.11745 0.0567431 0.0842618 0.0889246 0.0640115
internal_weight=369727 294571 245365 153621 89805 75156 27953.7 91743.6 61851.3 63816.4 49205.8 58259.2 33158.2 29399.1 28693.1 62701.2 26038.8 27866.4 33484.4 18256.9 15472 24364.1 4813.99 15934.3 17223.9 34834.8 10566.8 1975.2 16510.2 33452.1 15934.9 21911.6 6165.64 2443.23 13442.9 13864.2 26717.9 26141.9 26464.8 24841.7 6361.82 2698.47 18479.9 13281.3 15810.5 15195.4 26223.5 25956.7 9871.99 14791.2 12933.6 14608.1 1569.34 12243.3 17988.3 11572.9 1724.46 25666.6 3243.06 9696.8 9033.39 3150.24
internal_count=1924786 1721948 1295926 676396 451288 202838 171810 619530 279478 225108 426022 422256 175720 114429 103758 215860 168560 77470 197274 127403 88924 228807 27061 69894 105826 138390 79636 13829 104247 129393 51747 140553 49812 15601 100342 56271 89929 66576 87538 197215 42678 13235 154537 51612 102621 100807 85146 64657 50062 44714 98586 42904 12101 70663 152874 56721 10894 62424 19868 44407 39186 17475
is_linear=0
shrinkage=0.02


Tree=3
num_leaves=63
num_cat=0
split_feature=1 4 4 16 5 16 19 4 13 4 16 9 17 19 5 19 20 1 16 1 14 13 10 0 5 11 19 10 6 20 10 20 19 11 19 10 9 20 5 20 10 2 19 4 16 20 13 17 4 19 13 10 10 13 3 13 20 10 14 183 45 174
split_gain=688740 198791 169155 77554.4 63741.8 36551.9 32351.7 29866.3 25932.2 18342.4 16992.2 18907.2 14885.9 13474.1 13199.2 12816.2 13007.2 12150.7 10034 9950.87 9798.04 9630.95 9600.55 8974.71 8127.16 11900.3 7728.98 7547.28 8124.7 7209.58 7134.04 12642.3 8273.11 7032.88 6806.21 7090.98 6573.99 7661.62 6888.15 7154.84 6566.42 6494.32 6350.48 6300.97 6070.5 5968.03 5955.12 5885.27 5842.69 5798.75 5687.62 5646.95 7659.4 5637.88 5636.91 5521.61 10793.6 5468.98 5419.26 5384.03 5516.96 5514.97
threshold=1.0000000180025095e-35 14160.500000000002 9396.8251953125018 53.928178787231452 2833.6250000000005 53.928178787231452 2.5000000000000004 17360.125000000004 9.1500000953674334 4450.2500000000009 53.928178787231452 15.750000000000002 9.2086114883422869 1.0000000180025095e-35 2011.6250000000002 4.5000000000000009 10.500000000000002 13.500000000000002 54.819992065429695 14.500000000000002 7.5000000000000009 5.8500001430511483 203.50000000000003 10.500000000000002 4077.5000000000005 28.599999427795414 3.5000000000000004 210.50000000000003 32.375000000000007 3.5000000000000004 97.500000000000014 1.5000000000000002 1.5000000000000002 18.550000190734867 1.5000000000000002 213.50000000000003 32.350000381469734 3.5000000000000004 3399.3750000000005 8.5000000000000018 338.50000000000006 41533.125000000007 3.5000000000000004 2998.7500000000005 53.829820632934577 3.5000000000000004 21.849999427795414 9.5122933387756365 8352.9799804687518 1.5000000000000002 25.94999980926514 96.500000000000014 67.500000000000014 8.3499999046325701 44811.250000000007 6.0499999523162851 3.5000000000000004 82.500000000000014 96.500000000000014 1.0000000180025095e-35 1.0000000180025095e-35 1.0000000180025095e-35
decision_type=2 2 2 2 2 2 2 2 2 2 2 2 2 2 2 2 2 2 2 2 2 2 2 2 2 2 2 2 2 2 2 2 2 2 2 2 2 2 2 2 2 2 2 2 2 2 2 2 2 2 2 2 2 2 2 2 2 2 2 2 2 2
left_child=1 4 6 21 10 -6 14 24 30 23 -1 13 18 51 17 57 29 47 59 -9 46 -3 -15 -8 25 -4 34 28 -11 -17 54 32 -32 -14 -22 -36 37 -23 -39 49 -21 -29 -26 -16 -27 -35 -13 -2 -48 -40 -31 52 -12 -19 -5 -33 58 -10 -57 60 61 -7
right_child=2 3 7 8 5 12 9 19 15 27 11 20 33 22 43 16 -18 53 -20 40 26 36 -24 -25 42 44 -28 41 -30 50 31 55 -34 45 35 -37 -38 38 39 -41 -42 -43 -44 -45 -46 -47 48 -49 -50 -51 -52 -53 -54 -55 -56 56 -58 -59 -60 -61 -62 -63
leaf_value=-0.0067879750356339202 0.062974928699742291 0.0011974151764238634 0.069204443158049217 -0.00058154980409065051 0.0035451882320939837 0.080618967788178467 0.022826797896456589 0.10364704670129836 0.031739869388299355 0.016772804598490461 0.021479549911137392 0.021334464471243625 0.020531569189200644 -0.0052514379297828031 0.039189830557953068 0.08585794090639319 0.12989100439162474 0.06339685035743936 0.015973366499457447 0.11748964084833509 0.016572664614337006 -0.00083585642500582313 0.015427302009906274 0.084420671477527756 0.10754429783900235 0.018827496534967934 0.0043505773558350207 0.083138436951877295 0.060481083851793065 0.019391011989129063 0.034284773354793303 0.033312688474545708 0.080779604473565317 0.066456036310033162 -0.0027592007946307764 0.085330998067117345 0.095406994752731913 0.012867537481715451 0.10225265453309662 0.018736245040963877 -0.021620923827030271 0.041748863227719202 0.084938436657483032 0.097681739601270842 0.097622043586587118 0.03781998183624137 0.018430850915874323 0.030236440594849312 0.11801618810661428 0.049714677490965288 0.093672794143343951 0.021336576571085106 0.087421160300842682 0.096835703285809954 0.08806783757821382 0.064720633658725574 0.079569353072120375 0.090646769195051824 0.01104526902196622 -0.022721310596625913 -0.018728563748167448 -0.022622107593036806
leaf_weight=18431.84654161334 6105.1371744424105 5325.1110770255327 12125.496293224394 308.15963228791952 7970.3481749147177 10538.827672928572 10549.888691850007 42532.803980425 644.98119703680277 2458.2137828543782 1354.2346048355103 517.99246992170811 5259.9769267067313 18517.265158370137 788.81036200374365 1206.0397065356374 818.16769355535507 3266.4088762551546 1308.1651494055986 45733.659062832594 1654.8090547993779 2459.1004872322083 17437.750849969685 1039.483293607831 15326.085544928908 401.40043800324202 2715.7280980497599 6801.6331201791763 5523.5865743607283 3092.4268180653453 1879.5877806767821 9068.5864737480879 8249.4568710848689 4526.1691482290626 447.86153339594603 1988.093312330544 654.10821115970612 2618.7874106764793 1291.0958470180631 1725.4331270381808 136.13169810920954 1951.4617947563529 7356.8559693172574 11145.775820121169 15246.614040628076 8158.6360592842102 289.1785975471139 3430.5715452730656 1273.2877192646265 2406.8624358400702 475.74206519126892 5840.1854612380266 1468.7655301243067 5272.1229785457253 4161.2411925494671 1169.315076507628 3846.1002255603671 27934.875084936619 2110.2606668919325 223.28022359311581 238.16175939887762 211.11135972291231
leaf_count=182050 32271 49414 55940 2443 73909 41529 80242 100560 4060 18551 10486 3742 40074 171076 4957 4469 1059 17339 10532 73357 12531 22347 140852 4395 37166 3108 22461 28453 30540 22288 11765 57770 33015 23308 3910 8557 2029 22078 5335 13710 1248 11943 25887 37341 44917 52729 2099 23818 2819 15477 1662 44758 6365 18279 15517 5591 15714 92700 15477 2123 2076 2064
internal_value=0.0653552 0.0383729 0.091602 0.0620746 0.0208829 0.0416764 0.0630223 0.103608 0.0719044 0.0476915 0.00977326 0.0154784 0.0516526 0.0101724 0.0774926 0.0838993 0.0562105 0.0667142 0.0683903 0.110615 0.0421179 0.0233262 0.0047775 0.0283513 0.0913305 0.0840766 0.0305076 0.0610851 0.0470199 0.0435837 0.0585931 0.0546264 0.0721518 0.0399752 0.0478724 0.0691352 0.0338895 0.0300577 0.0395042 0.0523662 0.117077 0.0739108 0.100212 0.0938157 0.0956008 0.0480378 0.0801023 0.0511969 0.0995851 0.0680577 0.029295 0.032563 0.055788 0.0840437 0.0819556 0.0436647 0.0568394 0.0893174 0.0301829 0.0745064 0.0764821 0.0785915
internal_weight=389009 191817 197192 81445.4 110372 38434.7 58333.1 138859 64964.9 28324.3 71937 53505.2 30464.3 44618.2 30008.8 34172.2 5592.38 18074.2 12519.5 88402.6 8886.95 16480.5 35955 11589.4 50456.5 27773.5 6806.49 16734.9 7981.8 4774.21 30792.7 26323.3 10129 17944.8 4090.76 2435.95 11155.4 10501.3 8042.18 5423.39 45869.8 8753.09 22682.9 11934.6 15648 12684.8 2080.46 9535.71 1562.47 3697.96 3568.17 8663.19 2823 8538.53 4469.4 16194.3 7125.68 28579.9 3279.58 11211.4 10988.1 10749.9
internal_count=1924282 1273970 650312 413920 860050 248344 308129 342183 283530 174124 611706 429656 174435 373537 134005 126238 29478 91707 58324 175165 56119 130390 311928 84637 167018 103965 47459 89487 49091 28419 157292 139332 44780 116111 24998 12467 80976 78947 56600 34522 74605 40396 63053 42298 48025 76037 8660 56089 4918 20812 23950 61609 16851 35618 17960 94552 36782 96760 21068 47792 45669 43593
is_linear=0
shrinkage=0.02


Tree=4
num_leaves=63
num_cat=0
split_feature=1 4 4 16 5 16 19 4 13 19 16 9 0 17 19 5 19 20 171 13 16 14 5 4 1 0 20 19 4 20 20 6 19 13 20 17 17 16 20 9 20 5 19 20 13 17 16 1 16 171 20 13 3 20 20 132 4 13 1 18 8 20
split_gain=574279 176606 137569 64707.8 56971.8 32876.8 26874.1 23264.8 21038.4 18080.3 16166 18094.9 14245.3 12603.5 12098.8 11520.2 9377.03 9868.91 8742.49 8846.39 8704.7 8328.38 8205.57 7877.51 7541.17 7243.95 7037.93 6959.56 6916.09 6387.45 6371.17 8790.9 6927.58 6299.05 7167.38 6242.1 8345.92 6427.61 6203.89 6084.69 6836.36 6439.29 6039.48 6005.78 5939.49 5824.78 5481.27 7597.15 5211.74 5124.38 5060.06 6422.94 5554.68 5034.21 6053.81 4882.32 4874.31 4881.49 4866.12 5087.28 4858.02 4830.12
threshold=1.0000000180025095e-35 14454.370117187502 9396.8251953125018 53.928178787231452 2833.6250000000005 53.928178787231452 3.5000000000000004 17848.500000000004 8.9499998092651385 5.5000000000000009 53.928178787231452 15.750000000000002 2.5000000000000004 9.2086114883422869 1.0000000180025095e-35 1862.1250000000002 4.5000000000000009 10.500000000000002 1.0000000180025095e-35 5.8500001430511483 54.819992065429695 7.5000000000000009 1301.0000000000002 7152.1250000000009 24.500000000000004 2.5000000000000004 11.500000000000002 3.5000000000000004 2998.7500000000005 3.5000000000000004 1.5000000000000002 5.6250000000000009 1.5000000000000002 14.84999990463257 4.5000000000000009 10.328865528106691 9.1928801536560076 54.819992065429695 9.5000000000000018 32.350000381469734 3.5000000000000004 3603.5000000000005 1.5000000000000002 8.5000000000000018 5.6499998569488534 10.215904235839846 53.829820632934577 17.500000000000004 53.829820632934577 1.0000000180025095e-35 4.5000000000000009 6.0499999523162851 64518.750000000007 10.500000000000002 2.5000000000000004 1.0000000180025095e-35 8352.9799804687518 21.849999427795414 36.500000000000007 7.5000000000000009 19.050000190734867 2.5000000000000004
decision_type=2 2 2 2 2 2 2 2 2 2 2 2 2 2 2 2 2 2 2 2 2 2 2 2 2 2 2 2 2 2 2 2 2 2 2 2 2 2 2 2 2 2 2 2 2 2 2 2 2 2 2 2 2 2 2 2 2 2 2 2 2 2
left_child=1 4 6 18 10 49 12 25 30 23 -1 14 15 20 50 48 -10 29 19 -3 -7 56 -16 33 -9 38 58 42 -17 -18 32 -32 -5 -8 -35 36 37 -33 46 40 -21 -42 -23 -43 -30 60 47 -4 -2 -6 51 -12 -53 54 -50 -22 -13 -58 59 -11 -15 -48
right_child=2 3 7 8 5 13 9 24 16 26 11 21 -14 45 22 28 17 -19 -20 39 55 27 -24 -25 -26 -27 -28 -29 44 -31 31 35 -34 34 -36 -37 -38 -39 -40 -41 41 43 -44 -45 -46 -47 61 -49 53 -51 -52 52 -54 -55 -56 -57 57 -59 -60 -61 -62 -63
leaf_value=-0.0063784991446420936 -0.0093685524252093283 -0.00093086643333070024 0.012847740321879571 0.033135555213564587 0.0013621507392084292 0.068715487429816244 4.7649452223722462e-05 0.096541701565730109 0.082152550194593402 0.019305842569901973 0.013374502273608074 0.0077572887872951607 0.087371533328589504 0.017014035739459987 -0.0034089237931454923 0.023083349596928447 0.078856497818653129 0.11597061316947803 0.1122771306828716 -0.0027949868707477588 -0.0028392537621270571 0.016344932071485702 0.015801369971932374 0.051950361871130848 0.10859592782318803 0.094445264452886521 0.11939336293740711 0.0053205470072086496 0.053151755719660791 0.029001016597097688 0.01562900272953693 0.073963262052152409 0.075306577255656176 0.10298585721863945 0.023353800572707414 0.08103423324593001 0.035859838261729914 0.010605353897096268 0.058365194161713881 0.08784741906203257 0.01134295360075209 0.063601101899555687 0.064520419576687291 0.01607122272028453 0.087787105322569767 0.056809523375674777 0.067576803432877711 0.14027202811971462 0.016595346556568972 0.11342893010811199 0.016635696027844045 0.049043725787222013 0.11594969993203949 0.017358356404643539 0.060006944027961071 0.093751795688764572 0.032297556814920803 0.1057406448818901 0.097470591148625246 0.060059872154343309 0.041008256110941901 0.087690362327229418
leaf_weight=18429.62413341552 568.79949136078358 5130.6961662992835 899.83554176241159 1896.4925416633487 8042.4306116998196 12043.176099337637 4997.2360499426723 59980.502673387527 30442.436436519027 1594.5826910063624 1484.0553214475513 372.84098511189222 11320.813273914158 5619.7879446148872 20590.912879697978 925.16549694538116 1451.8906255066395 887.19983550906181 428.31611077487469 2365.2318660616875 1106.9497361704707 1709.3889931812882 15656.958997219801 3104.3008508384228 31747.789050966501 19420.805453136563 786.38971188664436 2806.1762956678867 2559.0041607767344 3520.1945126205683 2779.7678768113256 5404.0208892375231 8734.2532484978437 520.44539043307304 3443.3112657442689 2843.5950753316283 8527.7943104729056 726.59999889135361 4872.7399220615625 702.67020657658577 2745.4750178530812 3552.1034546941519 2661.6510584130883 1517.7761632278562 8760.2961504533887 4866.2777010947466 5831.741591565311 236.30647921562195 1422.9126056805253 166.59091764688492 4691.5073551088572 2068.8200513646007 653.02584496885538 1502.4247787073255 13249.75017119199 258.13306249678135 487.23173102736473 1408.441254273057 1017.8614500239491 5288.9143244847655 8450.84545930475 26373.722313761711
leaf_count=182682 5135 48389 6782 11544 75216 48881 42492 124166 96715 11436 11834 2845 36313 41971 187763 6389 5159 1059 671 21841 9886 12737 125007 16201 42684 46284 1411 22969 13230 22948 19182 19780 32721 1900 25097 9889 52056 5783 20927 2028 23148 19044 12837 12154 28920 24831 22249 452 10351 469 35894 12628 1412 11063 67217 955 3156 2905 3387 27697 51970 78810
internal_value=0.0611356 0.0366165 0.0841174 0.0586679 0.020374 0.0393814 0.0588257 0.094457 0.0673676 0.0403342 0.00981764 0.0152854 0.068346 0.0484533 0.0100184 0.060916 0.0776931 0.0545236 0.0231041 0.020719 0.0632901 0.0404584 0.0048888 0.0244934 0.100714 0.0844991 0.0623335 0.0299003 0.0756597 0.0435592 0.0552421 0.0486685 0.0677834 0.0149817 0.0338096 0.053916 0.0486553 0.0664541 0.0794445 0.0309254 0.0269966 0.0360127 0.0456804 0.049372 0.0799569 0.0379481 0.0825251 0.0393508 0.0501342 0.00363639 0.0309164 0.0468459 0.0650958 0.0522266 0.055797 0.0154258 0.0738625 0.0868641 0.0566545 0.0506191 0.031425 0.0840482
internal_weight=407657 197231 210426 83656.5 113575 40554.2 61062.2 149363 67214.2 20753 73020.6 54591 40309.2 32345.2 45145.3 28988.4 36301.7 5859.28 16442.3 16014 13408.3 9445.73 36247.9 12065.3 91728.3 57635.2 8687.75 7177.22 12244.5 4972.09 30912.5 20281.8 10630.7 8960.99 3963.76 17502 14658.4 6130.62 38214.3 10883.3 10180.6 7815.35 4371.04 5069.88 11319.3 18936.9 33341.6 1136.14 16743.9 8209.02 8897.41 4205.9 2721.85 16175.1 14672.7 1365.08 2268.51 1895.67 7901.36 6883.5 14070.6 32205.5
internal_count=1923552 1272959 650593 404111 868848 254179 308239 342354 276836 129621 614669 431987 178618 178494 374538 142305 125881 29166 127275 126604 59722 57449 312770 85690 166850 175504 43931 48543 48539 28107 150955 106690 44265 69489 26997 87508 77619 25563 129220 78215 76187 54346 25574 31198 42150 118772 108293 7234 93766 75685 61768 25874 14040 88631 77568 10841 8906 6061 42520 39133 93941 101059
is_linear=0
shrinkage=0.02


Tree=5
num_leaves=63
num_cat=0
split_feature=1 4 4 16 5 19 4 16 8 19 19 16 13 5 11 0 5 19 17 17 171 13 13 16 11 20 10 3 16 13 5 1 2 13 17 10 20 20 9 20 9 10 11 4 183 2 4 174 45 11 4 10 20 5 5 17 19 145 13 9 19 13
split_gain=484941 156449 113072 64135.3 44717.9 25932.6 25742.1 25391.9 15870.2 13837.6 13142 13074.8 12005 11697.6 11312.6 10915.6 10322.9 10250.6 9365.19 12215.2 8892 8731.64 8655.7 7724.54 7328.09 7312.87 7175.39 7159.54 6834.04 7099.9 6906.52 6596.07 6273.39 6230.09 5971.06 5955.26 8154.23 5766.19 5749.05 6928.04 7026.62 5449.01 6294.86 5139.48 5121.05 5097.81 5048.97 4975.55 4882.44 4752.8 4750.41 4707.91 4671.82 4570.54 4559.11 4523.25 4398.01 4265.48 4242.19 4192.61 4582.78 4079.85
threshold=1.0000000180025095e-35 11811.500000000002 7906.0000000000009 53.928178787231452 2833.6250000000005 3.5000000000000004 17360.125000000004 53.928178787231452 29.650000572204593 3.5000000000000004 5.5000000000000009 53.928178787231452 11.150000095367433 1130.5000000000002 18.550000190734867 2.5000000000000004 3076.1250000000005 4.5000000000000009 9.2086114883422869 9.9310779571533221 1.0000000180025095e-35 6.0499999523162851 5.8500001430511483 54.819992065429695 31.500000000000004 10.500000000000002 338.50000000000006 41654.875000000007 53.829820632934577 5.7500000000000009 1411.3750000000002 11.500000000000002 47652.625000000007 14.84999990463257 9.3598327636718768 240.50000000000003 10.500000000000002 4.5000000000000009 32.350000381469734 3.5000000000000004 9.9499998092651385 206.50000000000003 30.050000190734867 7354.2500000000009 1.0000000180025095e-35 908.43499755859386 3504.7500000000005 1.0000000180025095e-35 1.0000000180025095e-35 21.800000190734867 2998.7500000000005 286.50000000000006 3.5000000000000004 6374.6250000000009 3853.7500000000005 9.3598327636718768 1.5000000000000002 1.0000000180025095e-35 3.7500000000000004 15.550000190734865 1.5000000000000002 3.2500000000000004
decision_type=2 2 2 2 2 2 2 2 2 2 2 2 2 2 2 2 2 2 2 2 2 2 2 2 2 2 2 2 2 2 2 2 2 2 2 2 2 2 2 2 2 2 2 2 2 2 2 2 2 2 2 2 2 2 2 2 2 2 2 2 2 2
left_child=1 4 5 20 9 15 16 -6 17 11 33 -1 53 -13 43 28 24 18 23 -20 22 -15 51 44 58 -19 31 -14 -2 -30 -31 -8 59 -7 -16 36 56 -35 39 -24 -41 42 -29 -9 47 -11 -39 48 -5 -12 -32 -3 -36 -10 -42 -43 -18 -21 -4 -23 -61 -27
right_child=2 3 6 8 7 10 26 14 12 45 49 13 27 21 34 -17 35 25 19 57 -22 32 38 -25 -26 61 -28 41 29 30 50 -33 -34 37 52 -37 -38 46 -40 40 54 55 -44 -45 -46 -47 -48 -49 -50 -51 -52 -53 -54 -55 -56 -57 -58 -59 -60 60 -62 -63
leaf_value=-0.0052127376279232623 -0.0031912288438086045 -0.0084036889021862869 0.037101932960746868 0.080378337563658531 -0.00035634000136741841 0.0031501662951575215 0.086046061331075688 0.0095610338281303092 0.059519418134883963 0.032733886288552394 0.037796502657847404 0.0084245148930447173 0.0079868582976692238 0.0038317916651210834 0.067193065866646362 0.079330105217182811 0.090717325550702652 0.025621595437997614 0.033801764750492846 0.067818018395895893 0.101533987678347 0.026168187817837297 -0.0044339250696412797 0.024838877312405291 0.077781389487207336 0.0088234376468125705 -0.021645332198267059 0.049906210751998234 0.037860558113757839 0.050419792822158076 0.035971890869459802 0.09644698465359311 0.069501570401827098 0.092869495453508311 0.061672234373019448 0.090208936113762059 0.025608136771548023 -0.0018146786688055399 0.08098202028020382 0.072032640258021446 0.0091023662913522208 0.083381770781711093 0.095337610124842667 0.042337749135476825 -0.022931371350829833 -0.0062735837515722594 0.044982135486995638 -0.022744201061601209 -0.015876902171036062 0.071747897573620018 0.079787499964150771 0.049857235810282487 0.031545169109446693 0.01209038465427581 0.037601936049270139 0.05408147191961489 0.070513876925701005 -0.023056847683556102 0.062897345661144688 0.01306101933701341 0.070557557906537199 0.075155484458727564
leaf_weight=10077.924037694931 789.06209079921246 5298.7334930077195 3255.6424415335059 11213.123993210495 5912.1309411004186 5647.4950896725059 40797.541713990271 3894.8014577552676 19043.778201363981 1420.0011328160763 3611.1592942476273 15479.875995978713 549.04676336795092 3354.8949427455664 8212.0358195155859 10055.898936800659 6934.304418772459 8486.7015693858266 10758.719366781414 8540.9964420050383 522.78897597640753 8003.8042501956224 2797.2951865270734 1365.0660347342491 13081.554330036044 447.19138748198748 221.684754550457 1382.6824407875538 6113.0233153551817 9318.5439658984542 1121.7559333518147 60642.401666201651 2362.0678370594978 593.45526821166277 3389.3959127292037 20422.283927492797 1262.4084227532148 1559.7023274153471 735.24769724160433 1439.6020551547408 4167.4072808325291 4269.0171998143196 10363.860916361213 3761.8599768951535 209.44784931093454 23826.959606274962 2256.3013438731432 197.24295834451914 214.82728578150272 3035.7733140811324 8411.9962055832148 619.67797517776489 5244.9055297747254 848.94656082242727 4867.8600822016597 4162.3113406598568 11387.62215616554 211.72613918781281 11768.075375296175 765.78403973579407 2009.8137084320188 2174.102965965867
leaf_count=100105 6671 51869 17705 31546 55678 46513 85799 29115 78354 10080 22013 127867 3835 28514 32520 31088 15434 54570 64505 32723 853 57656 26234 9249 38646 3187 1879 6022 36947 48045 6620 87427 10338 2022 15807 44584 6837 13260 2000 7434 35602 11055 20973 21285 1883 223990 13271 1864 1869 13011 27705 4485 32772 5566 31841 17823 37118 1857 47820 5566 7896 7890
internal_value=0.057309 0.0349285 0.0777077 0.051892 0.0167202 0.05206 0.085641 0.036846 0.0595882 0.00762477 0.0314817 0.0146514 0.0685938 0.020912 0.0458222 0.0616589 0.0761265 0.0512401 0.0568771 0.0480751 0.0201118 0.03263 0.0179756 0.0698878 0.066837 0.0346403 0.0920155 0.0792456 0.0547591 0.0565907 0.0626641 0.0922639 0.039982 0.0170596 0.0549838 0.0826525 0.0747728 0.0348743 0.0265439 0.0235282 0.0309954 0.0811846 0.0899899 0.0256648 0.075084 -0.00407963 0.025855 0.0768499 0.0785689 0.0533027 0.0746321 -0.00230357 0.0433716 0.0574953 0.0244569 0.068917 0.0781603 0.0656198 0.0573075 0.0335134 0.0546943 0.0638393
internal_weight=424891 202604 222288 104887 97716.3 52514.2 169774 30415.1 84438.8 67301.1 16703.9 42054.2 40619.6 31976.2 24503 35810.3 68111.9 43819.1 32711.2 19511.4 20448.6 16496.4 19925.8 13199.7 28105.3 11108 101662 20726.9 25754.4 24965.3 18852.3 101440 13141.5 10057 16846.3 40006.6 19584.3 4409.46 14007.4 13272.2 10474.9 20177.9 11746.5 7656.66 11834.6 25247 3816 11625.2 11428 6646.93 9533.75 5918.41 8634.3 19892.7 9035.27 8431.33 18321.9 8752.72 15023.7 10779.4 2775.6 2621.29
internal_count=1924693 1274278 650415 515089 759189 267166 383249 187177 354771 572012 110090 337942 143628 237837 131499 157076 208144 211143 145496 99085 160318 109970 159465 46411 104171 65647 175105 59708 125988 119317 82370 173226 81456 75066 81099 103973 59389 28553 103111 101111 74877 55873 26995 50400 37162 234070 26531 35279 33415 35024 34325 56354 48579 83920 67443 28878 52552 34580 65525 71118 13462 11077
is_linear=0
shrinkage=0.02


Tree=6
num_leaves=63
num_cat=0
split_feature=4 16 16 5 171 4 171 5 17 20 150 16 17 16 11 19 17 16 19 17 183 17 20 13 16 174 132 16 145 190 13 152 45 122 4 67 16 16 17 16 67 141 17 16 132 19 20 2 17 27 6 183 150 2 17 33 19 45 174 20 20 18
split_gain=303551 113810 74567.4 53478.9 40256.6 31543.3 19645.6 19018.5 18752.1 18253.5 15438.5 14523.5 12495.9 15283.5 11267 10986.7 10581.4 11389.8 10130.9 10076.6 9907.92 9872.92 9663.67 9230.44 9106.57 9059.5 9059.13 8936.8 8583.4 8621.02 8376.25 8091.69 7621.35 7325.34 7296.1 7112.06 7293.34 8334.62 6981.92 6977.4 7306.03 6966.98 6288.31 6270.7 6079.37 6056.24 6832.03 6303.45 6033.69 5845.08 5793.13 5560.87 5494.01 5311.06 5253.18 5228.39 5158.17 5081.65 4992.23 4958.19 4659.9 4505.68
threshold=10500.875000000002 53.928178787231452 53.928178787231452 1301.0000000000002 1.0000000180025095e-35 17197.875000000004 1.0000000180025095e-35 3577.0000000000005 9.1928801536560076 7.5000000000000009 1.0000000180025095e-35 54.819992065429695 9.8079113960266131 54.034145355224616 14.59999990463257 2.5000000000000004 9.4168558120727557 53.938934326171882 2.5000000000000004 9.1928801536560076 1.0000000180025095e-35 10.328865528106691 2.5000000000000004 7.0499999523162851 54.574542999267585 1.0000000180025095e-35 1.0000000180025095e-35 54.819992065429695 1.0000000180025095e-35 1.0000000180025095e-35 6.1499998569488534 1.0000000180025095e-35 1.0000000180025095e-35 1.0000000180025095e-35 4201.8750000000009 1.0000000180025095e-35 53.935955047607429 54.123783111572273 9.0037961006164569 53.935955047607429 1.0000000180025095e-35 1.0000000180025095e-35 11.177026748657228 54.554290771484382 1.0000000180025095e-35 4.5000000000000009 10.500000000000002 29822.250000000004 9.4168558120727557 1.0000000180025095e-35 4.6250000000000009 1.0000000180025095e-35 1.0000000180025095e-35 6927.8601074218759 9.2086114883422869 1.0000000180025095e-35 3.5000000000000004 1.0000000180025095e-35 1.0000000180025095e-35 3.5000000000000004 11.500000000000002 7.5000000000000009
decision_type=2 2 2 2 2 2 2 2 2 2 2 2 2 2 2 2 2 2 2 2 2 2 2 2 2 2 2 2 2 2 2 2 2 2 2 2 2 2 2 2 2 2 2 2 2 2 2 2 2 2 2 2 2 2 2 2 2 2 2 2 2 2
left_child=2 4 6 9 10 19 52 15 11 22 30 20 16 -14 61 23 31 -18 48 27 25 35 39 -5 56 32 -13 51 29 33 -2 43 49 41 -16 36 -21 -38 -26 -4 -41 -15 -23 -10 -29 47 -47 -32 -11 -7 -25 57 53 -1 -52 -45 -24 58 -3 -36 -19 -9
right_child=1 5 3 7 -6 8 -8 14 12 18 -12 26 13 28 34 -17 17 60 -20 21 -22 42 24 50 38 -27 -28 44 -30 -31 45 -33 -34 -35 59 -37 37 -39 -40 40 -42 -43 -44 55 -46 46 -48 -49 -50 -51 54 -53 -54 -55 -56 -57 -58 -59 -60 -61 -62 -63
leaf_value=0.031843787242520565 0.00029284128064644349 0.073738937060964113 0.12319239613727309 0.029354973644793593 0.091871546533628431 0.087311736589595373 0.067741439333226655 0.0085111916525174771 0.085593288387734112 0.037827899599199986 0.079958283453041887 0.018057420140966566 0.029838528986220875 0.081781532107747787 0.019934060863582948 0.032119964265294662 0.092543344567866268 0.046837113290634787 -0.012846217923171732 0.094035194865290481 -0.023121497932590451 0.072531476223342092 0.045728343903607797 0.015479812051224777 0.037021399566699829 -0.022803250724255868 0.083111349911369162 0.0059635948966947029 -0.023030086810120597 -0.022997713728046616 0.04002682949175821 -0.02333429847061972 -0.0050166288168261384 -0.0061335514779515222 0.079240518332946777 0.096080757977640832 0.027109108572868901 0.051361547905864349 0.0014862052313210767 -0.0027769574294889111 0.12320071631442998 0.0016527442675796332 0.008265292034167664 0.05352473791517319 0.07522411892219244 -0.0038382682129729168 0.077911340679827482 0.0082541115859966398 -0.0013264685632275567 0.020498959384869179 0.070034860129660939 -0.022943897484610266 0.044057045228034372 -0.0074927575760884782 0.049508247294310463 0.092864767601846962 0.026860788612143232 -0.015827549329061687 -0.017847014889407747 0.060890015473305699 0.005797801039715225 0.048194126632167052
leaf_weight=1465.0390889123082 7483.864054068923 33174.334829032421 195.26860714703798 6544.4159990847111 3758.1386699080467 73134.001500338316 1674.0308274105191 1816.046209409833 8724.3964605778456 3766.0731310322881 1720.2938253059983 2136.6197381913662 2678.3396172523499 46721.337018311024 1269.674535445869 26374.531197741628 2173.0517777130008 13965.230092577636 7357.9785721227527 1272.1419920474291 334.73139144480228 12739.077121652663 17826.133334934711 1292.9422539621592 3807.4628044217825 305.22362871468067 1428.8625383079052 1441.7597166076303 328.05449047684669 325.2314690053463 10082.257303208113 350.74011316895485 363.13677202165127 388.78761526197195 10699.838944852352 1235.1594089716673 7627.0756166055799 22067.662638947368 5276.8318540081382 5356.9346752464771 190.69771194458008 438.10777314007282 639.59328930079937 6743.444463044405 781.8197703436017 3839.0448717996478 457.66931454837322 3320.1207742765546 2705.0289136692882 527.53701786696911 9413.5144804567099 246.49436993151903 949.61075237393379 21837.418838322163 10605.879772946239 1689.976508513093 8588.3374017775059 259.13474059849977 239.78663372248411 13100.836156368256 1201.9700712040067 3094.9825460389256
leaf_count=11024 67740 90774 337 40216 5073 114034 5932 12379 17147 21888 5028 14183 14185 97073 8141 163681 2838 60542 67278 2220 2879 37437 98117 8562 23509 2840 2902 11057 2896 2888 61840 2891 2865 2845 31865 2220 44185 97423 43656 45212 337 2855 4422 25802 2239 33200 2163 27548 22095 2878 33723 2217 5874 213958 52122 2826 61225 2235 2208 50900 8065 15087
internal_value=0.0540664 0.0668881 0.0326196 0.0384166 0.0305563 0.0714223 0.00147605 0.0484384 0.0764818 0.0230917 0.0219911 0.0835623 0.0700206 0.0763399 0.0612212 0.0413715 0.0607942 0.0497202 0.00320718 0.0612718 0.0854454 0.0550181 0.0297593 0.0501307 0.0336533 0.0859343 0.0441277 0.0691584 0.0789238 0.0796224 0.0180312 0.0717618 0.0863827 0.0803244 0.0666477 0.0490184 0.0471413 0.0451323 0.0163799 0.00568941 0.00155348 0.0810371 0.0694591 0.0737058 0.0303159 0.0255317 0.00486938 0.0321559 0.0214607 0.0868332 0.0565103 0.0717046 -0.00309801 -0.00501965 0.0591603 0.0614081 0.0395938 0.0723975 0.0730817 0.0691397 0.0435848 0.0335198
internal_weight=441554 276344 165210 139283 30661.4 245683 25926.1 84212.7 163959 55070.7 26903.3 78230.1 85728.7 50879.9 29981.4 54231.3 34848.8 17340.3 13829.1 81724 74664.6 45580.7 41241.7 27856.8 35498.8 74329.9 3565.48 36143.3 48201.5 47873.5 25183 17508.6 74024.7 47548.2 25070.3 32202 30966.9 29694.7 9084.29 5742.9 5547.63 47159.4 13378.7 17157.8 2223.58 17699.1 4296.71 13402.4 6471.1 73661.5 21312.3 33919.8 24252.1 23302.5 20019.4 8433.42 26414.5 33673.3 33414.1 23800.7 15167.2 4911.03
internal_count=1923781 886663 1037118 800330 202592 684071 236788 416676 385434 383654 197519 142581 242853 122742 118372 298304 120111 71445 111261 298637 125496 187907 272393 134623 226507 122617 17085 110730 108557 105661 192491 48666 119777 102773 90906 146048 143828 141608 67165 45886 45549 99928 41859 45775 13296 124751 35363 89388 43983 116912 94407 97434 230856 224982 85845 28628 159342 95217 92982 82765 68607 27466
is_linear=0
shrinkage=0.02


Tree=7
num_leaves=63
num_cat=0
split_feature=1 4 4 16 5 16 4 8 0 16 5 5 21 20 11 17 17 5 5 16 11 14 171 8 10 6 20 20 183 5 20 6 0 174 45 10 21 9 145 189 17 1 4 89 20 22 10 141 1 17 21 9 21 132 20 7 20 10 7 134 171 10
split_gain=381581 128038 81173.1 50372 37930.2 20421.7 19202.1 13111.9 12360.8 11050.3 11360.7 9661.54 9281.34 9559.72 9246.6 9217.01 13516.6 8535.8 8498.5 8062.23 7753.09 7394.15 7248.2 6406.57 5952.93 5747.6 5626.99 7788.57 5505.57 5272.62 5972.37 5138.6 5113.63 5050.55 5154.56 4977.69 4833.93 6935.78 4818.28 4835.52 4784.59 4747.93 4630.74 4621.2 4453.77 4333.11 4241.97 4150.07 4091.38 4081.64 3979.94 3916.04 4421.77 3755.38 3745.55 3707.39 4194.91 3667.04 3645.08 3639.28 3617.44 3543.95
threshold=1.0000000180025095e-35 11811.500000000002 7152.1250000000009 53.928178787231452 2833.6250000000005 53.928178787231452 17360.125000000004 30.349999427795414 22.500000000000004 53.928178787231452 1285.1250000000002 3370.2500000000005 1.0000000180025095e-35 10.500000000000002 18.550000190734867 9.2086114883422869 9.9310779571533221 4736.2500000000009 1328.6250000000002 54.819992065429695 29.69999980926514 1.5000000000000002 1.0000000180025095e-35 49.45000076293946 338.50000000000006 8.8750000000000018 3.5000000000000004 11.500000000000002 1.0000000180025095e-35 3399.3750000000005 8.5000000000000018 4.8750000000000009 1.0000000180025095e-35 1.0000000180025095e-35 1.0000000180025095e-35 248.50000000000003 1.0000000180025095e-35 10.34999990463257 1.0000000180025095e-35 1.0000000180025095e-35 9.3598327636718768 11.500000000000002 6117.7500000000009 1.0000000180025095e-35 10.500000000000002 1.0000000180025095e-35 78.500000000000014 1.0000000180025095e-35 14.500000000000002 9.4168558120727557 1.0000000180025095e-35 9.9499998092651385 1.0000000180025095e-35 1.0000000180025095e-35 1.5000000000000002 91.529998779296889 10.500000000000002 338.50000000000006 1.0000000180025095e-35 1.0000000180025095e-35 1.0000000180025095e-35 217.50000000000003
decision_type=2 2 2 2 2 2 2 2 2 2 2 2 2 2 2 2 2 2 2 2 2 2 2 2 2 2 2 2 2 2 2 2 2 2 2 2 2 2 2 2 2 2 2 2 2 2 2 2 2 2 2 2 2 2 2 2 2 2 2 2 2 2
left_child=1 4 8 22 9 60 11 15 12 -1 59 20 13 25 42 19 43 21 58 28 41 -9 23 26 32 -2 -3 29 33 -28 31 -31 -8 34 50 44 37 -12 39 47 -16 -4 -7 -17 -13 -23 -22 -18 -27 -15 -5 -33 -53 -21 -25 -44 -57 -48 -14 -11 -6 -20
right_child=2 3 6 7 5 14 24 17 -10 10 36 35 18 49 40 16 38 -19 61 53 46 45 -24 54 -26 48 27 -29 -30 30 -32 51 -34 -35 -36 -37 -38 -39 -40 -41 -42 -43 55 -45 -46 -47 57 -49 -50 -51 -52 52 -54 -55 -56 56 -58 -59 -60 -61 -62 -63
leaf_value=-0.0071212923568481036 0.03520826339338879 -0.00085302462363092443 0.039243313362038491 0.069958645347508577 -0.00289183111654907 0.0029753362533906876 0.075499940003471974 0.086429439082142123 0.097758918598383635 0.0024505932680791058 0.013868015276397619 0.069132832123270205 0.037316430691078824 0.031014209434759119 0.059087706350604348 0.025616974264005579 0.059449919229610758 0.045569844688490763 0.028728012120472737 0.0058776541518984109 0.02978493734268373 0.062834286149063334 0.086592529593720255 0.088366769838276391 -0.021872823849389517 0.049074981749171499 0.0083281834414314915 -0.022281450643903588 -0.022846137283747167 -0.017131326380236053 0.010180130781414623 0.086975312561373044 0.084014777600265461 -0.019296613632646367 -0.01604829406452226 0.080353754499361579 0.0057495199020517048 0.038905694366629232 -0.022959937779439218 -0.017157836639595577 0.038594243544224603 0.059307576534361271 0.015467679521866671 0.099549113891821833 0.034338661589458329 0.0030521794099296479 0.072623828526710774 -0.0091349053731255032 0.065085324568658079 -0.018525054044326635 0.046330917977812004 0.055575794283030729 -0.00014142699916329068 0.073235839284564244 -0.012729768178839959 0.058813673809577603 -0.01552709384806028 0.026445546145094388 -0.00098935537921150392 0.092354947023995923 0.098189311190219106 0.062331425031842295
leaf_weight=16911.240463890135 7285.2077058926225 6732.938407599926 8588.4140209406614 13621.699212379754 5756.1570955067873 2950.202861264348 58642.619532376528 5986.537046328187 1733.1679525896907 28361.342320084572 8465.2745934277773 21592.697571307421 1331.9860689416528 1829.8914082422853 8946.7631555646658 16671.383385449648 12754.24860431999 10467.762758657336 2570.6300195977092 1674.9198352396488 1072.9733279943466 23836.293139755726 605.36067141592503 731.36449050158262 231.74616549164057 16613.361237853765 3878.1657724827528 1428.7679458111525 310.16026955097914 432.1149100959301 2295.2530851587653 1153.7921537905931 54367.687806725502 299.46469136327505 319.60605788230896 20148.410246022046 5674.0506850704551 9273.7785559669137 319.87313567101955 355.93659085035324 9287.4002449139953 10467.046390011907 2280.9347459077835 345.18194627016783 1579.1711238995194 495.04532778263092 16902.323488324881 362.94872965663671 10369.532412 1045.2869967147708 3606.6594724208117 2907.3975793346763 708.60029163211584 412.64747604727745 183.33595256507397 2485.1134813725948 345.87568403035402 717.04033973813057 3912.0335314944386 181.25134989619255 145.19104763865471 2453.6793195605278
leaf_count=170333 39515 62825 40790 34114 55271 22151 107612 10707 2557 240159 63582 55654 7986 10976 32418 98870 45842 42039 15544 12850 5220 73786 859 1556 1897 76584 32668 14442 2854 3749 18373 4214 65730 2847 2811 38678 46245 51159 2871 2849 48590 38059 14848 693 7059 2934 42485 2648 37449 9045 14996 14665 5652 1295 1334 10608 2745 3587 32722 767 352 10806
internal_value=0.0511364 0.031651 0.0682612 0.0462892 0.0152989 0.033218 0.0740691 0.0526861 0.0452978 0.00692109 0.0114918 0.0666383 0.04338 0.0480327 0.0407636 0.0459317 0.0390432 0.061141 0.0265501 0.0564148 0.0592417 0.0665172 0.0183895 0.0163707 0.0793887 0.0509717 0.0139486 0.021732 0.0606943 0.0272602 0.0370534 0.0489108 0.0795963 0.0621461 0.0635359 0.0730834 0.0218178 0.0269574 0.0537571 0.0555785 0.0486496 0.0502645 0.0229278 0.0271167 0.0667616 0.061618 0.0683934 0.0575522 0.0552278 0.0130039 0.0650123 0.0548939 0.0446573 0.0191923 0.0681037 0.0344428 0.0497311 0.0707446 0.00874035 0.0030215 -0.000404929 0.0451386
internal_weight=457417 213962 243455 112897 101065 32197.6 194310 91840.4 49144.8 68866.9 51955.7 81068.1 47411.6 37143.3 26296.3 51054.7 30809.6 40785.6 10268.3 20245.2 37747.8 30317.9 21057.1 20451.7 113242 34268.1 19537 12804.1 18157.6 11375.3 7497.16 5201.9 113010 17847.4 17548 43320.3 23413.1 17739.1 13793 13473.1 18234.2 19055.5 8062.13 17016.6 23171.9 24331.3 18692.3 13117.2 26982.9 2875.18 17228.4 4769.79 3616 2087.57 914.7 5111.92 2830.99 17619.4 5244.02 28542.6 5901.35 5024.31
internal_count=1924526 1274571 649955 515343 759228 186983 406771 355006 243184 572245 401912 231532 240627 173569 131360 225540 153773 129466 67058 71767 130141 87427 160337 159478 175239 153548 156588 93763 57622 79321 46653 28280 173342 54768 51921 101391 160986 114741 54210 51339 81008 78849 50352 99563 62713 76720 51292 48490 114033 20021 49110 24531 20317 14145 2890 28201 13353 46072 40708 240926 55623 26350
is_linear=0
shrinkage=0.02


Tree=8
num_leaves=63
num_cat=0
split_feature=1 8 16 11 3 16 19 8 19 0 17 20 10 10 171 17 16 8 8 10 10 20 11 19 16 16 0 8 0 183 10 10 174 45 16 17 17 16 11 7 20 10 20 17 20 3 95 103 17 17 19 7 17 16 16 16 103 183 17 1 20 20
split_gain=338649 82419.1 62280.1 48540.5 20053.8 16015.1 14902.2 14308.1 13508.4 12178.3 10597 9657.75 9525.01 9456.91 9206.36 9176.84 9002.99 8427.9 7810.82 7789.13 8417.39 7646.14 8807.05 7238.25 7138.87 6167.05 6160.94 5818.65 5531.63 5398.65 5017.31 4902.89 4732.16 4805.14 4395.82 7236.83 4326.79 5097.27 4315.67 4312.11 4296.34 4288.59 11630.7 6509.33 4219.12 4293.96 4128.11 4125.23 4104.76 4097.27 4014.1 4236.76 3945.35 4727.87 4518.76 3816.93 3759.33 3695.67 3638.51 3629.1 5965.88 3628.87
threshold=1.0000000180025095e-35 22.050000190734867 53.928178787231452 25.000000000000004 42384.000000000007 53.928178787231452 2.5000000000000004 30.349999427795414 1.5000000000000002 1.0000000180025095e-35 9.2086114883422869 9.5000000000000018 36.500000000000007 338.50000000000006 1.0000000180025095e-35 9.9310779571533221 54.819992065429695 16.349999427795414 49.45000076293946 115.50000000000001 78.500000000000014 4.5000000000000009 13.84999990463257 5.5000000000000009 53.829820632934577 53.829820632934577 7.5000000000000009 18.250000000000004 2.5000000000000004 1.0000000180025095e-35 212.50000000000003 206.50000000000003 1.0000000180025095e-35 1.0000000180025095e-35 54.61408996582032 9.0218901634216326 11.177026748657228 54.042627334594734 8.8000001907348651 69.99499893188478 10.500000000000002 182.50000000000003 11.500000000000002 9.1928801536560076 2.5000000000000004 40441.250000000007 1.0000000180025095e-35 1.0000000180025095e-35 10.215904235839846 10.212865352630617 5.5000000000000009 116.20999908447267 9.2086114883422869 54.059169769287116 54.819992065429695 54.819992065429695 1.0000000180025095e-35 1.0000000180025095e-35 9.4168558120727557 36.500000000000007 2.5000000000000004 8.5000000000000018
decision_type=2 2 2 2 2 2 2 2 2 2 2 2 2 2 2 2 2 2 2 2 2 2 2 2 2 2 2 2 2 2 2 2 2 2 2 2 2 2 2 2 2 2 2 2 2 2 2 2 2 2 2 2 2 2 2 2 2 2 2 2 2 2
left_child=1 5 14 6 -4 39 24 10 21 12 16 26 -5 25 18 46 29 48 -3 20 -9 22 -7 30 -2 49 27 44 38 32 -13 -29 33 47 -27 -36 37 -17 -26 -1 59 42 50 55 -8 -46 -12 -6 -10 -14 -19 -52 54 -54 56 -43 57 -21 -42 60 -40 -28
right_child=3 2 4 9 7 8 11 19 17 -11 15 23 13 -15 -16 36 -18 41 -20 52 -22 -23 -24 -25 28 34 61 31 -30 -31 -32 -33 -34 -35 35 -37 -38 -39 40 -41 58 43 -44 -45 45 -47 -48 -49 -50 -51 51 -53 53 -55 -56 -57 -58 -59 -60 -61 -62 -63
leaf_value=0.015230635484354252 0.010489968707663562 0.0057097627187401171 0.013763518375465187 0.015319771509416135 0.063673439889419398 0.015406261508216902 0.017236248036509909 0.0060088300117593233 0.00088212767666356071 0.076945661937239063 0.02433895162617879 -0.013260464418392031 -0.010513118882437712 0.010074290175434977 0.082423513916851335 0.024018868929798556 0.014395258096783187 -0.0037413082211132887 0.063876168241730188 0.069453629421868154 0.077090028342522862 0.022211796427639929 0.054254552230324313 0.049040506351690792 0.027544858842488362 0.070585262068674742 0.066987707119640055 0.041347026195157281 0.072306424751037005 -0.022967715378780961 0.033559054209859912 0.064123497943439037 -0.018854508272391452 -0.014385942452124798 0.070164179587319839 0.042401919282483061 -0.00086362723017724484 0.056324300773873633 0.037290332935125917 -0.0044859001825245876 0.051562985051694661 0.05019865820481325 0.079245049454826008 0.017959706074147347 0.012750374100897131 0.046229957252633111 0.094122269293982055 0.0012884206226797682 0.025385765756638753 0.051317451896106078 0.0086799732637725148 0.06379038116269474 0.026462750959294172 0.052320887242815951 0.026603815736733535 0.00088601771026011928 -0.016122076490064901 -0.02337633456653071 0.0038641010364120192 0.08300380513478299 0.063212793937971495 -0.014780359244836979
leaf_weight=6195.722304224968 1116.3568675145507 20569.031029291451 6558.6111354380846 1466.0626841560006 17661.025149010122 3179.5568369925022 3673.8981328755617 710.78739221394062 17529.392864793539 72739.955159112811 16946.97014348954 2396.5828943327069 599.67861987650394 1162.4934013485909 692.18601506203413 2400.106224514544 2092.2514379993081 6435.5438905730844 966.85408043861389 10658.516066290438 10668.502521269023 14173.104690000415 8780.0460901483893 2361.3576624393463 1845.0166996344924 67161.111743561924 7262.5094777494669 7202.4858839064837 13829.711797587574 323.00861366838217 1481.5002672001719 7956.6929558515549 303.32960768789053 333.95213996618986 9156.3063698112965 6367.6963009238243 696.4332692399621 10502.624081961811 4237.8067697808146 15630.807510174811 1927.3704080954194 5418.5098306462169 924.00040858238935 9341.4220353364944 1780.8139860033989 10982.769915923476 346.00753694027662 434.4104190543294 3239.9871760830283 1503.5296353474259 1815.1979306787252 805.64541295915842 3443.3926844075322 15834.390527479351 1279.2911723926663 710.13688690215349 216.96010436862707 174.35077410191298 957.4671014174819 2791.3156800940633 21920.404482513666 223.79220156371593
leaf_count=51406 7460 177492 42247 8588 50595 22824 22827 4449 144855 105054 101655 19328 4509 7255 1105 13823 14556 52176 2936 23486 20722 90261 37476 8884 10177 135372 18916 29450 29485 2898 7470 21616 2837 2886 17723 21803 5111 37849 17680 153339 7076 22413 3014 60817 11680 51915 666 2579 22646 6547 13328 3374 17001 55052 7107 5493 1349 1415 5876 5218 66763 1604
internal_value=0.0485155 0.0302271 0.0409526 0.0642048 0.0475879 0.0161268 0.0527917 0.0499224 0.0206566 0.0708998 0.0428691 0.044541 0.0658689 0.0667311 0.0106287 0.0354018 0.053777 0.0141586 0.00832114 0.0584613 0.0726501 0.0321495 0.0439264 0.0214346 0.0604819 0.0675079 0.0482299 0.0443647 0.0616566 0.058101 0.00462547 0.0533019 0.0594988 0.0607884 0.0683682 0.0587765 0.0476941 0.050315 0.0572834 0.00111087 0.059007 0.0218736 0.0116522 0.0284679 0.0361225 0.0415588 0.0257352 0.0621758 0.00470465 0.033688 0.00475586 0.0256209 0.053353 0.0477021 0.0621888 0.0444847 0.0663086 0.0679596 0.0357319 0.0613264 0.0590132 0.0645434
internal_weight=472097 217992 123813 254105 101585 94179.1 93947.9 95026.3 72352.5 160157 52040.1 45322.4 87416.9 85950.8 22228.1 30892.1 21148 46219.8 21535.9 42986.2 11379.3 26132.7 11959.6 6239.44 48625.4 84788.3 39083 31596.7 47509.1 19055.7 3878.08 15159.2 18732.7 18429.4 82685.1 15524 13599.2 12902.7 33679.4 21826.5 31834.4 25450.5 9980.39 15470.1 16437.5 12763.6 17293 18095.4 20769.4 2103.21 9056.39 2620.84 31606.9 19277.8 12329.1 6128.65 11049.8 10832.9 2884.84 28949.5 26158.2 7486.3
internal_count=1923514 1273238 589816 650276 408283 683422 343425 366036 478677 306851 235455 193690 201797 193209 181533 159104 76351 328116 180428 130581 25171 150561 60300 35682 149735 185954 158008 137488 142275 61795 26798 51066 58897 56060 174898 39526 56783 51672 112790 204745 102613 160615 71892 88723 86422 63595 102321 53174 167501 11056 68878 16702 105410 72053 33357 27906 26250 24901 12952 89661 84443 20520
is_linear=0
shrinkage=0.02


Tree=9
num_leaves=63
num_cat=0
split_feature=4 0 0 5 17 17 17 17 19 17 4 13 145 183 133 174 45 10 27 19 49 10 4 13 20 20 5 171 67 95 113 52 19 91 20 17 103 107 9 10 53 20 19 5 20 19 5 20 20 10 10 13 10 20 13 20 10 13 19 11 5 10
split_gain=217376 69295.7 60460.3 46879 41174.4 26783.6 24169.4 14841.2 14648.4 13954 12755.4 10647.8 10460.8 10306.7 9954.2 9983.32 9143.47 8256.96 7612.61 7340.05 7119.44 6947.87 8042.17 6877.72 6701.84 8326.98 7480.55 6652.59 6841.67 6790.25 6834.41 7034.25 6082.65 5809.81 5774.12 5678.32 5640.04 5579.87 5415.36 5335.78 5318.24 4976.31 6618.29 4972.93 4838.49 4708.16 4688.15 4982.98 4679.91 4687.2 4679.69 4570.24 4518.16 4214.3 4165.99 4141.86 7331.27 4049.53 4193.23 3963.11 4711.2 4311.42
threshold=10500.875000000002 1.0000000180025095e-35 1.0000000180025095e-35 1434.8750000000002 9.1872515678405779 9.1872515678405779 10.579641342163088 10.579641342163088 1.0000000180025095e-35 7.8110623359680185 17710.875000000004 9.1500000953674334 1.0000000180025095e-35 1.0000000180025095e-35 1.0000000180025095e-35 1.0000000180025095e-35 1.0000000180025095e-35 210.50000000000003 1.0000000180025095e-35 3.5000000000000004 1.0000000180025095e-35 211.50000000000003 3912.619995117188 9.9499998092651385 2.5000000000000004 6.5000000000000009 1328.6250000000002 1.0000000180025095e-35 1.0000000180025095e-35 1.0000000180025095e-35 1.0000000180025095e-35 1.0000000180025095e-35 4.5000000000000009 1.0000000180025095e-35 2.5000000000000004 11.177026748657228 1.0000000180025095e-35 1.0000000180025095e-35 22.150000572204593 333.50000000000006 1.0000000180025095e-35 10.500000000000002 4.5000000000000009 3370.2500000000005 4.5000000000000009 1.5000000000000002 3631.5000000000005 6.5000000000000009 8.5000000000000018 279.50000000000006 245.50000000000003 23.050000190734867 251.50000000000003 11.500000000000002 21.050000190734867 1.5000000000000002 266.50000000000006 7.0499999523162851 3.5000000000000004 28.250000000000004 2476.3750000000005 36.500000000000007
decision_type=2 2 2 2 2 2 2 2 2 2 2 2 2 2 2 2 2 2 2 2 2 2 2 2 2 2 2 2 2 2 2 2 2 2 2 2 2 2 2 2 2 2 2 2 2 2 2 2 2 2 2 2 2 2 2 2 2 2 2 2 2 2
left_child=2 4 3 8 9 21 10 27 -1 -2 23 55 -8 14 15 16 18 -10 20 -4 33 45 -23 50 -19 -26 -27 28 29 30 31 40 38 36 -24 -9 37 39 43 59 46 42 54 -25 -44 -5 57 52 -21 -50 -6 -47 -48 -43 -13 56 -12 -7 -59 60 -11 -61
right_child=1 -3 19 5 6 7 12 35 17 13 11 41 -14 -15 -16 -17 -18 24 -20 48 -22 22 34 32 25 26 -28 -29 -30 -31 -32 -33 -34 -35 -36 -37 -38 -39 -40 -41 -42 53 44 -45 -46 51 47 -49 49 -51 -52 -53 -54 -55 -56 -57 -58 58 -60 61 -62 -63
leaf_value=0.028823734019810622 -0.0081237597080988395 0.071934233227552574 0.062252523577665135 0.050309721168746359 0.012605103796372205 -0.0046863685416553185 0.062616589722522223 0.052405843196245014 -0.0016210322822964793 0.037425476579645407 0.0373609328607796 0.050772630678336837 -0.023112373746294441 -0.023013395742082703 -0.017686800604907706 -0.021046659770690073 -0.013449175958088968 -0.014509110516371652 0.0071808847647285646 0.047211166860714936 0.00076641609942662699 0.020691101776229407 0.018817162878273865 0.026694701840863325 0.028241169919158659 -0.0070041373570438048 0.063097295197913725 0.074136660811226579 0.078468652485957358 0.074569608124990791 0.076000806064262572 0.07354035686930703 0.021241436171360067 0.0089385579705171421 0.063066791147913054 -0.004774383698005296 0.020154847575260985 0.011943875108077156 0.069213817856070017 0.0083987190318683125 0.069013184451006654 0.087586456954645814 0.04949920326900159 0.047973877861486276 0.0097714369067374279 0.017826663223723584 0.016412627090791818 0.0031005057707963182 -0.012459895211165303 0.060299262163673872 0.034063021943225726 0.06378011714160578 0.044197642894913153 0.039716509863182113 0.071677779032084943 0.032658621226110414 0.07126594353291707 0.019896751433740818 0.0002498429511041894 0.0079240381896736496 0.064278632632974175 0.071324721137156183
leaf_weight=13680.910751774907 1145.6470717713237 82675.681923449039 19203.823082260787 5017.2257131040096 10050.616463817656 7095.2409456521273 26333.161351904273 8381.1096867024899 28459.509550318122 2921.2356278449297 9065.3943958207965 17925.148007214069 581.9198891222477 564.96343328803778 611.98276974260807 558.18114798516035 608.34411559253931 2749.1805685758591 921.06313996016979 7519.1182586848736 684.7148085385561 2393.9679056406021 1273.4355485141277 7636.747959934175 12763.814222484827 5782.0244213268161 680.55961512774229 878.46995920687914 748.73440012335777 817.2142545580864 754.40834510326385 811.54831786453724 6908.5015584230423 719.56585617363453 16004.084329225123 757.46930173039436 1058.885763399303 740.03482539951801 2720.2710158154368 614.39398081600666 692.28333397954702 2812.1654656454921 2449.0674150958657 10342.537506222725 2455.9679535403848 5750.2762375697494 4576.3249760866165 3657.8784131482244 1143.4356355890632 513.07433790713549 6826.7381475418806 1019.1152321696281 4792.6445230692625 996.23367868363857 4843.3094954788685 23157.87333265692 3549.9677561819553 12396.464465767145 6690.5133554786444 432.60846274346113 24797.172937147319 51928.88282904774
leaf_count=83667 10090 110144 50789 19074 66320 60380 61379 33589 242453 12464 39971 61514 5061 5017 5074 5117 5004 25550 4975 31550 4972 14676 7064 41723 82616 49882 3240 2089 1857 2159 1864 2110 40931 4934 49258 5570 4761 5008 7325 3466 2356 4481 9229 42033 14610 35275 30071 26846 8623 1882 35150 3293 23408 3825 11366 112001 9453 81293 54831 2356 54509 83159
internal_value=0.0461516 0.0562579 0.0284722 0.0233644 0.0505475 0.0331482 0.0437493 0.0244779 0.0104689 0.0612217 0.0396511 0.0451468 0.0607631 0.0621332 0.0626887 0.0632607 0.0638116 0.00548996 0.0643657 0.0552218 0.0649935 0.0477697 0.0550453 0.0313426 0.0146991 0.0188755 0.000378081 0.0196521 0.0185398 0.0174787 0.0163536 0.0152483 0.0374912 0.065522 0.0598054 0.0476663 0.0660156 0.0666119 0.0429146 0.0671133 0.0140627 0.0536297 0.0506799 0.0389355 0.0296074 0.0356271 0.0130925 0.0228969 0.040507 0.010076 0.0212846 0.0247448 0.0306259 0.0750642 0.0552196 0.0376815 0.0469018 0.00821435 0.01301 0.0675637 0.0614486 0.0708009
internal_weight=486643 309639 177004 148624 226963 84508.4 138656 53050.3 64116 88307.7 111741 67255.1 26915.1 87162 86597.1 85985.1 85426.9 50435.1 84818.6 28379.5 83897.5 31458.1 19671.5 44485.4 21975.6 19226.4 6462.58 43911.7 43033.3 42284.5 41467.3 40712.9 27608.1 83212.8 17277.5 9138.58 82493.2 81434.3 20699.6 80694.3 39901.4 31481.9 27673.5 17979.3 4905.04 11786.6 39209.1 13026.8 9175.63 1656.51 16877.4 6769.39 9368.97 3808.4 22768.5 35773.2 12615.4 26182.2 19087 80079.9 27718.4 52361.5
internal_count=1924737 887422 1037315 944471 777278 457063 566372 328423 487408 210906 499932 266450 66440 200816 195799 190725 185608 403741 180604 92844 175629 128640 70998 233482 161288 135738 53122 289264 287175 285318 283159 281295 132012 170657 56322 39159 165723 160962 91081 155954 279185 105025 96719 83756 23839 57642 276829 80325 42055 10505 101470 38568 53479 8306 72880 161425 49424 196504 136124 152488 66973 85515
is_linear=0
shrinkage=0.02


Tree=10
num_leaves=63
num_cat=0
split_feature=1 4 4 5 16 16 19 4 13 16 9 19 19 10 5 17 13 0 14 19 11 13 16 10 16 14 9 19 19 19 10 13 13 9 10 1 10 13 13 9 17 8 10 2 5 132 3 183 45 174 10 5 13 5 171 13 16 17 16 17 174 9
split_gain=275335 99813.9 59134 36256.5 32039.7 19372.6 15969.2 13868.8 12393.8 11766.1 12607.9 9456.31 8725.69 7814.51 7540.46 7019.21 6054.97 5790.49 5711.73 5546.06 5412.9 5401.68 5224.5 5088.61 5065.18 5047.76 5360.72 4964.51 4445.56 4373.32 4472.87 4311.34 4225.49 4203.48 3945.25 3933.18 3900.58 4671.85 3860.57 3841.61 3815.81 3788.57 3739.82 3849.85 3734.25 3599.93 3526.53 3433.41 3541.13 3594.14 3392.5 3391.35 3979.11 3357.78 3342.32 3580.88 3304.34 5928.01 3376.13 3640.1 3891.49 3298.94
threshold=1.0000000180025095e-35 14454.370117187502 7152.1250000000009 2833.6250000000005 53.928178787231452 53.928178787231452 3.5000000000000004 18019.000000000004 9.1500000953674334 53.928178787231452 15.750000000000002 1.0000000180025095e-35 5.5000000000000009 191.50000000000003 2833.6250000000005 9.2086114883422869 5.8500001430511483 2.5000000000000004 7.5000000000000009 4.5000000000000009 29.69999980926514 12.750000000000002 54.819992065429695 97.500000000000014 53.829820632934577 63.500000000000007 5.5499999523162851 3.5000000000000004 3.5000000000000004 1.5000000000000002 213.50000000000003 5.7500000000000009 25.94999980926514 10.449999809265138 339.50000000000006 11.500000000000002 238.50000000000003 9.0500001907348651 3.7500000000000004 9.8499999046325701 9.9310779571533221 20.849999427795414 125.50000000000001 48491.625000000007 5665.8750000000009 1.0000000180025095e-35 44811.250000000007 1.0000000180025095e-35 1.0000000180025095e-35 1.0000000180025095e-35 286.50000000000006 1411.3750000000002 23.44999980926514 2323.1250000000005 1.0000000180025095e-35 10.650000095367433 54.059169769287116 9.2086114883422869 54.819992065429695 8.9180626869201678 1.0000000180025095e-35 35.600000381469734
decision_type=2 2 2 2 2 2 2 2 2 2 2 2 2 2 2 2 2 2 2 2 2 2 2 2 2 2 2 2 2 2 2 2 2 2 2 2 2 2 2 2 2 2 2 2 2 2 2 2 2 2 2 2 2 2 2 2 2 2 2 2 2 2
left_child=1 3 6 9 16 54 17 14 23 -1 11 42 25 -13 20 22 50 24 53 -10 38 -21 47 46 -2 26 -8 29 33 -20 -31 -26 -23 -15 35 -9 37 44 -4 -40 -17 -25 43 -11 -16 -24 -6 48 49 -7 -3 52 -22 -12 55 -5 57 -43 59 60 -58 -18
right_child=2 4 7 5 8 15 12 34 19 10 18 13 -14 28 36 40 61 -19 27 21 51 32 45 41 31 -27 -28 -29 -30 30 -32 -33 -34 -35 -36 -37 -38 -39 39 -41 -42 56 -44 -45 -46 -47 -48 -49 -50 -51 -52 -53 -54 -55 -56 -57 58 -59 -60 -61 -62 -63
leaf_value=-0.0064820797529541434 -0.01081902881329831 -0.0046556603915649903 0.023611512212563635 -0.013847232395668018 -0.0062225201706951052 0.053059675456671014 0.058169749453469706 0.062487043383741572 0.057806080331169199 0.025772285128054472 0.064024768723712627 -0.0065021295216778977 0.040577859622261868 0.011234033595841644 0.035871578015070613 0.021436748028514984 0.023888529432992415 0.058551313762064405 0.010671173420772053 0.053795504684548502 0.033355296967575221 0.0059360817417240114 -0.0045620369998487379 0.011623632870702038 0.028312383520806891 -0.0033501451587386135 0.01182764366835096 0.0025364756990434384 0.00026056232869897851 -0.004733218015253329 0.058934436548425062 0.047187714835239383 0.064449278940544835 0.036752988453269138 -0.022587289675445092 0.069863036167754966 0.065796563312612952 0.061850343647816858 0.057838782776451589 0.036657133187685827 0.038302507162218891 0.067785384270671059 0.014892516185751166 0.067524723141893589 0.059766564114758121 0.069244747958565972 0.060667014898048405 -0.023268046209031099 -0.020568449422675879 -0.023167152795687516 0.046283789582753136 0.062669724547229078 0.069344318513413605 -0.002125745312252444 0.079138123344909717 0.012499915161172484 0.073928060358764133 0.010621875526623002 0.0090597015647108717 0.040125779831155402 -0.022799515818717891 0.076209374520491299
leaf_weight=18403.80236928165 731.17428839951754 4889.9302951395512 3802.9925019815564 3837.3613656535745 334.68801402300596 14262.627908162773 1401.6327228322625 48035.712215960026 38145.336537703872 2623.7750159576535 2452.7596121579409 18410.216676346958 6389.6419891864061 8132.1399274915457 6612.0520692020655 13172.450759664178 12169.145443886518 10608.970159083605 1920.2965885922313 3917.0340777263045 4056.2534830123186 2371.5918442606926 1254.0770198106766 2290.2336193993688 6415.9647200256586 5068.8720630034804 3471.1676006838679 3067.6008599251509 8284.6885992065072 525.96044989675283 2744.5473089441657 19711.292432703078 623.43357288092375 3783.0214457660913 197.2675119638443 72657.898245260119 31645.057977639139 18274.432591840625 6326.1712042540312 7468.1490391865373 9053.9336527436972 912.57703356444836 6139.4314995706081 1331.7280122563243 4328.761680662632 334.93902439624071 5435.8544816374779 257.55552700906992 276.08305209130049 251.79036465287209 585.59028010815382 12814.127930529416 1762.9738930314779 350.83794900774956 220.93408155441284 4463.4451021850109 2139.3693629354239 3542.7719431221485 1266.0566246882081 23118.432471342385 180.3990770727396 501.92403277754784
leaf_count=183180 6108 44971 18876 38140 2274 42434 6476 80205 93930 15991 6690 162975 30589 60920 23699 77567 78004 27562 12680 11506 15642 15161 9871 13206 35073 39482 23455 22999 68639 3931 8938 74525 1691 20741 1591 82103 56210 38660 20038 29409 41333 1619 41695 4049 9387 952 15046 2166 2124 2167 3807 26939 3429 2193 474 37075 3357 20485 8606 88376 1692 748
internal_value=0.0440295 0.0278211 0.0576257 0.0158686 0.042473 0.0296726 0.0388471 0.0622604 0.0476635 0.00750091 0.0118066 0.00742889 0.0223427 0.00292274 0.0566312 0.0356608 0.0183666 0.0460411 0.0310815 0.0548192 0.0494073 0.0383354 0.045485 0.0394429 0.0410996 0.0106226 0.0251577 0.022708 0.0115126 0.0346287 0.0486955 0.0425526 0.018116 0.0193362 0.0667813 0.0669274 0.0609316 0.055662 0.0414525 0.0463712 0.028307 0.0364508 0.0246635 0.0398294 0.0453257 0.0109952 0.0567875 0.049127 0.0503876 0.0517373 0.000792159 0.0569198 0.0442584 0.0557468 0.00236339 0.000319951 0.0382756 0.0223305 0.0409359 0.0425223 0.0664059 0.0259611
internal_weight=499761 227980 271781 125556 102424 47385.2 53798.7 217982 84277.8 78170.8 59767 48705 16331.3 38610.1 97091 38863.5 18146.6 37467.4 11062 45057.4 36230.7 6912.06 16637.1 39220.4 26858.4 9941.67 4872.8 8258.41 20199.8 5190.8 3270.51 26127.3 2995.03 11915.2 120891 120694 60860.3 29215.2 17597.3 13794.3 22226.4 33449.8 10094.9 3955.5 10940.8 1589.02 5770.54 15048.1 14790.5 14514.4 5475.52 18633.4 5819.23 2803.6 8521.74 8300.81 31159.6 4455.35 26704.3 25438.2 2319.77 12671.1
internal_count=1923861 1274403 649458 869924 404479 254303 243270 406188 276949 615621 432441 375010 100002 313275 242289 178614 127530 143268 57431 122288 114333 28358 59714 154661 115706 69413 29931 48548 150300 25549 12869 109598 16852 81661 163899 162308 127956 71746 68323 49447 118900 137341 61735 20040 33086 10823 17320 48891 46725 44601 48778 46010 19071 8883 75689 75215 124135 22104 102031 93425 5049 78752
is_linear=0
shrinkage=0.02


Tree=11
num_leaves=63
num_cat=0
split_feature=1 4 4 5 16 16 4 11 0 3 2 4 17 16 17 10 10 10 183 5 190 189 145 20 174 11 12 45 103 171 5 20 6 5 3 33 27 10 171 64 20 16 95 20 1 8 20 5 20 6 16 113 10 20 20 20 1 8 20 5 132 134
split_gain=247131 90525 53145.9 33691.3 28599.4 27707.3 12841.3 9705.97 9185.35 8601.15 8307.43 7013.34 6938.16 8573.87 8488.21 6746.65 6995.33 10138 6488.16 6376.57 6354.41 6326.5 6262.91 6044.54 6040.52 5491.31 5301.24 5289.4 5142.11 5052.13 4841.39 6099.02 5063.3 4614.39 4466.99 4389.05 4304.51 4259.59 4256.34 4145.41 4144.93 4030.93 4158.02 3906.65 3845.25 3763.86 6470.69 4404.41 3856.23 3772.13 3669.63 3554.28 3524.1 3460.94 3433.53 5006.73 3569.47 3407.82 5901.69 3383.96 3355.38 3306.38
threshold=1.0000000180025095e-35 14454.370117187502 7152.1250000000009 1285.1250000000002 53.928178787231452 53.928178787231452 17512.000000000004 18.550000190734867 10.500000000000002 40441.250000000007 2152.4899902343755 2660.1250000000005 9.2086114883422869 54.819992065429695 9.9310779571533221 49.500000000000007 103.50000000000001 247.50000000000003 1.0000000180025095e-35 3308.6250000000005 1.0000000180025095e-35 1.0000000180025095e-35 1.0000000180025095e-35 11.500000000000002 1.0000000180025095e-35 29.69999980926514 154.50000000000003 1.0000000180025095e-35 1.0000000180025095e-35 1.0000000180025095e-35 1301.0000000000002 7.5000000000000009 7.1250000000000009 3879.8750000000005 52442.234375000007 1.0000000180025095e-35 1.0000000180025095e-35 338.50000000000006 1.0000000180025095e-35 1.0000000180025095e-35 10.500000000000002 54.386322021484382 1.0000000180025095e-35 2.5000000000000004 14.500000000000002 49.45000076293946 3.5000000000000004 3743.8750000000005 8.5000000000000018 5.8750000000000009 53.938934326171882 1.0000000180025095e-35 249.50000000000003 2.5000000000000004 2.5000000000000004 7.5000000000000009 77.500000000000014 30.550000190734867 3.5000000000000004 1862.1250000000002 1.0000000180025095e-35 1.0000000180025095e-35
decision_type=2 2 2 2 2 2 2 2 2 2 2 2 2 2 2 2 2 2 2 2 2 2 2 2 2 2 2 2 2 2 2 2 2 2 2 2 2 2 2 2 2 2 2 2 2 2 2 2 2 2 2 2 2 2 2 2 2 2 2 2 2 2
left_child=1 3 8 10 23 29 19 40 11 -9 -1 26 13 18 35 -11 57 -18 24 25 21 22 -16 38 27 54 -2 28 36 -5 31 43 -32 -19 -28 39 -6 44 45 41 53 42 50 -13 -8 46 -3 -48 49 -49 -14 61 -21 -7 56 -56 -4 58 -17 -60 -15 -12
right_child=2 4 6 5 12 7 37 9 -10 15 51 30 14 60 20 16 17 33 -20 52 -22 -23 -24 -25 -26 -27 34 -29 -30 -31 32 -33 -34 -35 -36 -37 -38 -39 -40 -41 -42 -43 -44 -45 -46 -47 47 48 -50 -51 -52 -53 -54 -55 55 -57 -58 -59 59 -61 -62 -63
leaf_value=0.037833864511729882 0.0087077836758271739 0.00043543661705936474 0.011738377244448903 -0.0023241271737545815 0.060946179199043764 0.00097465210169685504 0.059679598687384428 -0.0066173382289204784 0.06179277016624915 0.0033642103296561221 -0.0022673513250939877 0.0072474623772838002 0.082134856532026262 0.010579551801791027 0.054436098883574896 0.062416222398489214 0.017230759237577779 0.033043595011689297 -0.023119726228608944 0.053421717270324756 -0.023627910722974758 -0.018903353245677986 -0.02319801423294663 -0.021973125354870556 -0.021987911295451162 0.05480935771445139 0.0080103695232114011 -0.011627730320882433 0.0017140035310440989 0.074356178696954656 0.025320707059412632 0.0028045394495977349 0.04960008904735265 0.051323256925159433 0.043386516306580324 0.078469529916665226 0.0080191259583560284 -0.021988772375581993 0.072920936051995192 -0.02427100730170368 -0.015551752786513523 0.040988839354283178 0.083416154298873654 0.040949174771302922 0.066567456671469807 0.055347592435778331 0.0090148626379788141 -0.012188685805233235 0.012807693890073173 0.053928602737287779 0.021867907630334284 0.091934202562126421 0.063871116774387324 0.023218780929157145 0.050222264382946288 0.026796778669037881 0.074498293686863656 0.079967471817481414 -0.016879837249548224 0.036214803593596759 0.06021213706068889 0.07862679869351967
leaf_weight=2277.1260066926479 6279.1835327595472 5948.8505705296993 2553.7559467181563 16066.280494861305 28736.55257615447 3443.4424609318376 61934.610402062535 2096.6914592161775 5452.6690312102437 2582.5889501944184 38887.435426034033 1597.8699554949999 416.94756302237511 2527.0685546249151 21676.301716901362 4346.7850642949343 11611.143995933235 14295.854589618742 413.78821384161711 28274.108023494482 461.31776538491249 501.3050079792738 423.77933372557163 1401.7075220420957 386.25687400996685 22038.476708389819 1956.8563240841031 435.11139590293169 622.23388834297657 351.20303989946842 4259.2833805680275 2688.3373785987496 17768.825061604381 9002.1479358449578 5280.5151463001966 847.62398490309715 628.08466678112745 234.73590534180403 614.29335716366768 509.12178979814053 1497.8640714511275 13814.099796831608 483.3515680283308 9900.301979586482 68032.29446709156 1082.3108236342669 3426.0605598166585 379.53251580148935 1780.7891434952617 3810.8244701623917 13148.568830788136 162.32300131767988 23757.876909807324 14922.818983316422 13322.673370368779 5026.4397802054882 422.45819927752018 1465.2354143857956 571.63135880976915 3000.5524299293756 694.59265875816345 203.16175749152899
leaf_count=13125 40884 52583 13405 152343 53046 25137 98448 15488 12985 17374 341212 10699 586 16320 55982 12895 65779 70748 3581 65927 3589 3592 3623 13934 3557 51440 12886 3450 3161 908 21568 18486 60762 29799 21701 1490 3212 1894 694 3569 12667 52656 631 43287 71998 2933 25798 2970 12942 15843 63347 564 38831 89944 41938 21918 899 1707 4851 14126 1725 789
internal_value=0.0421234 0.0268467 0.0547435 0.0154671 0.040565 0.0226629 0.059047 0.0282311 0.0371504 0.0330141 0.000695352 0.0344486 0.0453747 0.0523441 0.0407832 0.0347867 0.0366188 0.0324979 0.0555495 0.0534724 0.0498539 0.0513538 0.0529474 0.0179496 0.0566061 0.0478083 0.0221548 0.057604 0.0586085 -0.000683781 0.0390371 0.0299249 0.0449055 0.0401067 0.0338214 0.0336238 0.0598141 0.0631314 0.0212331 0.032284 0.0164393 0.0333174 0.0257741 0.0362657 0.0632851 0.0193004 0.0167581 0.027091 0.0374625 0.0479402 0.0237203 -0.00145911 0.0581929 0.0190483 0.0405732 0.0438052 0.0206468 0.0519486 0.0467643 0.0277184 0.0212804 -0.00184693
internal_weight=512736 231955 280781 126784 105170 85254.2 225597 68836.8 55183.8 48972.6 41530 49731.2 86726.1 34443.7 52282.4 46875.9 44293.4 34909.1 31222 95395.8 23062.7 22601.4 22100.1 18444.4 30808.2 43363.8 13516.6 30422 29986.9 16417.5 36214.6 14186.5 22028.1 23298 7237.37 29219.7 29364.6 130202 17042.7 28372.1 19864.1 27863 14048.9 11498.2 129967 16428.4 15346.1 9397.21 5971.15 4190.36 13565.5 39252.9 52032 18366.3 21325.3 18349.1 2976.21 9384.2 7918.97 3572.18 3221.66 39090.6
internal_count=1924226 1274270 649956 869456 404814 513766 406698 360515 243258 232767 355690 230273 277117 88052 189065 217279 199905 166326 70007 234358 66786 63197 59605 127697 66426 129600 75471 62869 59419 153251 154802 72472 82330 100547 34587 122279 56258 172340 113763 120789 127748 117220 64564 53986 170446 113069 110136 57553 31755 18813 63933 342565 104758 115081 78160 63856 14304 33579 31872 18977 18045 342001
is_linear=0
shrinkage=0.02


Tree=12
num_leaves=63
num_cat=0
split_feature=1 4 4 17 19 17 17 17 4 13 4 19 20 17 145 19 19 133 174 10 17 45 20 10 19 10 13 19 10 103 14 0 17 20 10 9 10 10 20 20 49 6 10 20 13 1 91 10 18 20 3 113 13 20 19 19 2 10 10 9 10 1
split_gain=223100 84233.7 48299.1 15508 13701.4 13484 12601.7 11911.3 11716.3 10917 9423.91 9076.5 9769.19 8178.27 7749.51 7665.02 7282.77 6521.48 6476.8 6474.77 6254.43 5989.09 5853.27 8935.63 5700.08 5538.76 6411.47 6871.38 5256.53 5191.58 5032.48 4893.79 4671.13 5923.92 4551.18 4523.94 4438.6 4283.27 5033.66 4248.65 4056.79 4036.93 3925.26 3731.96 3725.82 3620.05 3606.5 3555.19 3560.12 3508.52 3392.66 3376.63 3374.8 3234.77 3233.27 3231.78 4428.28 3699.13 3150.29 3089.87 3692.65 3089.48
threshold=1.0000000180025095e-35 10500.875000000002 7152.1250000000009 9.1872515678405779 3.5000000000000004 9.2879447937011737 10.579641342163088 10.579641342163088 17512.000000000004 9.0500001907348651 5961.6250000000009 4.5000000000000009 10.500000000000002 7.8110623359680185 1.0000000180025095e-35 5.5000000000000009 3.5000000000000004 1.0000000180025095e-35 1.0000000180025095e-35 237.50000000000003 11.177026748657228 1.0000000180025095e-35 1.5000000000000002 262.50000000000006 5.5000000000000009 248.50000000000003 11.250000000000002 2.5000000000000004 341.50000000000006 1.0000000180025095e-35 63.500000000000007 2.5000000000000004 9.5122933387756365 7.5000000000000009 317.50000000000006 5.5499999523162851 61.500000000000007 97.500000000000014 5.5000000000000009 6.5000000000000009 1.0000000180025095e-35 5.1250000000000009 338.50000000000006 4.5000000000000009 -0.74999999999999989 24.500000000000004 1.0000000180025095e-35 199.50000000000003 13.500000000000002 11.500000000000002 40837.259765625007 1.0000000180025095e-35 25.550000190734867 9.5000000000000018 1.5000000000000002 1.0000000180025095e-35 23593.735351562504 198.50000000000003 243.50000000000003 18.650000572204593 107.50000000000001 11.500000000000002
decision_type=2 2 2 2 2 2 2 2 2 2 2 2 2 2 2 2 2 2 2 2 2 2 2 2 2 2 2 2 2 2 2 2 2 2 2 2 2 2 2 2 2 2 2 2 2 2 2 2 2 2 2 2 2 2 2 2 2 2 2 2 2 2
left_child=1 5 4 13 31 10 39 9 25 22 16 36 43 -3 41 30 -1 18 21 54 -8 29 23 -5 34 26 27 49 -27 40 35 32 -2 -34 -21 -6 -11 38 -24 51 46 -9 45 -13 -25 -10 50 48 -38 -4 -15 55 -45 -29 -12 -7 57 -57 -51 -41 -61 -28
right_child=2 3 8 7 15 6 20 14 42 11 19 12 -14 17 -16 -17 -18 -19 -20 24 -22 -23 37 44 -26 28 61 53 -30 -31 -32 -33 33 -35 -36 -37 47 -39 -40 59 -42 -43 -44 52 -46 -47 -48 -49 -50 58 -52 -53 -54 -55 -56 56 -58 -59 -60 60 -62 -63
leaf_value=0.019508113824889605 0.043206749541290168 -0.0075807305713947969 0.052627885048864113 0.016867196556177903 0.052797696832775368 0.018832803696840525 0.036062488595655695 0.022185368747083257 0.057684901227057238 0.00020074751344997615 0.035026179602834349 0.02935813166940146 0.078497569333108863 0.014812210407100209 -0.023154136654058341 0.037065977591868506 -0.0091284152472833544 -0.017744278863513048 -0.020618290445408177 0.053928716519182331 -0.011775203646568189 -0.013652789184832044 0.01824692867639089 -0.011613862750728395 0.0027651752334074365 0.057321704258119478 0.046645124058528512 0.032218126674595567 0.019149725015569666 0.00057858645948487904 -0.0043768711655743937 0.052999027714549778 0.033229310844278888 -0.008682070744053404 0.0018115493997356872 0.011491807210327651 0.055205047114041374 0.009797363471439122 0.06266252190117956 -0.007291684483087456 0.0017731268177118447 0.055396099167590432 -0.021902182199481635 -0.0044671389235186381 0.05752413771994503 0.064596552578288752 0.006155056282423456 0.034870408665294755 0.03564243595370508 -0.0055198402624181834 0.05346873319360175 0.095121926366829548 0.041827772767783093 0.0041498546010838152 0.0088072269685808037 -0.00058762861708480793 -0.0012394330392763297 0.030016272845197506 0.068430344872718138 0.061159088804399152 -0.0060166395835462043 0.059361804435560467
leaf_weight=11869.027445100248 18780.649877592921 1123.4045442268252 10647.996480770409 6758.5371679067612 1502.3159726262093 6508.0241709426045 7114.8566245213151 1669.8483728691936 87290.252488911152 1126.6029442027211 3021.1525741070509 2848.3878845348954 941.96981022506952 930.61572399735451 583.2091458812356 6708.362190425396 5069.689407043159 611.62922973930836 542.49569956958294 7412.9440094903111 1291.6916227638721 602.56488038599491 3711.6772833690047 335.43557055294514 1214.0909466594458 43200.493512548506 16713.019911497831 8969.8257821425796 1492.8764321953058 837.28762082010508 5151.092002376914 11374.433507591486 7727.9795125797391 1634.2488029375672 736.84784316271544 3607.2343203574419 9611.3681049346924 18564.169428922236 1407.7422806471586 18005.063582979143 661.21419914066792 11879.03436087817 233.98944854736328 5012.7212453782558 4421.0658882856369 46437.184774726629 682.50109222531319 19705.963348522782 6071.844569042325 808.00855385512114 37609.92989628762 171.44832043349743 720.37332677841187 2010.4990189224482 4986.7396093010902 2663.2148372381926 21315.436407141387 3883.4996795728803 322.35411264002323 598.12522383779287 722.95368785411119 14079.558355689049
leaf_count=77403 69891 9816 24080 39194 6466 45002 37597 6786 127349 8004 14104 14490 1131 4722 5038 30556 44894 5018 5058 24212 10695 4938 22259 2527 8041 83222 44771 32750 6506 4399 39565 27781 34246 11449 5128 23411 28875 121077 4573 159553 4664 28198 1921 36917 14886 43252 4649 84537 24626 4488 85396 425 3248 10821 34291 22890 181939 25196 314 2004 6011 27388
internal_value=0.0402745 0.0258307 0.0520598 0.0358012 0.0354736 0.0114846 0.00593777 0.0312838 0.0560945 0.0283358 0.0215522 0.0347464 0.0173577 0.0456821 0.0482303 0.0204419 0.0109373 0.0470908 0.0480379 0.0319024 0.0287121 0.0489392 0.0199508 0.0316473 0.0431939 0.0508486 0.0465103 0.0384607 0.0560467 0.0498654 0.00957316 0.0419282 0.0374538 0.0259134 0.0492166 0.0236366 0.0392814 0.0142639 0.0304604 0.00238363 0.0509001 0.051303 0.0599418 0.0106465 0.0526484 0.060085 0.0517283 0.0405256 0.0476313 0.0490714 0.0525353 0.00658501 0.0013499 0.0270788 0.0186989 0.00614336 0.00317937 0.0175666 0.0155691 -0.0051255 0.0243975 0.0524597
internal_weight=524249 235556 288692 138972 56486.3 96584.8 62274.3 95370 232206 81237.9 34310.5 46039.2 9523.45 43601.6 14132.1 16969 16938.7 42478.2 41866.6 17371.8 8406.55 41324.1 35198.6 11515 9363.88 98244.6 53551.3 22758.7 44693.4 40721.5 10260.6 39517.3 28142.9 9362.23 8149.79 5109.55 36515.8 23683.6 5119.42 53867.8 39884.3 13548.9 133961 8581.48 4756.5 133727 39223 35389.2 15683.2 11778.4 38540.5 34541.6 5733.09 10980.3 8007.89 34370.2 27862.2 6546.71 1130.36 19326.1 1321.08 30792.6
internal_count=1924638 1274411 650227 575026 243365 699385 491312 446366 406862 406344 208073 201828 55786 128660 40022 99998 122297 118844 113826 85776 48292 108768 204516 56607 37381 234340 144612 72453 89728 103830 69442 143367 115586 45695 29340 29877 146042 147909 26832 443020 99431 34984 172522 54655 17413 170601 94767 138038 53501 28882 90118 275452 40165 43571 48395 275027 230025 48086 4802 167568 8015 72159
is_linear=0
shrinkage=0.02


Tree=13
num_leaves=63
num_cat=0
split_feature=5 0 11 0 11 5 8 144 8 11 3 20 20 2 113 3 20 3 64 5 13 5 11 72 190 189 0 157 20 3 5 183 152 145 2 20 6 154 195 133 7 174 54 11 15 122 162 2 5 8 45 9 79 68 38 14 3 43 141 69 184 0
split_gain=113611 59499.7 42282.8 36272.5 19030.5 13105.4 8242.75 7419.43 6820.13 5737.23 5682.36 5538.56 6001.32 7927.31 5582.62 5382.47 5230.04 5568.41 5181.84 4973.24 4929.43 4884.5 4882.14 4736.65 4717.7 4697.83 4605.97 4562.36 4545.76 4560.66 4518.42 4434.12 4445.68 4316.46 4237.75 3921.98 5776.16 3915.16 3923.52 3872.43 3847.52 3833.13 3817.63 3770.84 4713.97 3581.22 3584.53 3508.65 3505.41 3473.39 3433.87 3418.71 3316.56 3242.39 3214.99 3212.48 3305.38 3181.27 3184.69 3100.87 3090.33 3085.61
threshold=1956.0000000000002 1.0000000180025095e-35 31.85000038146973 1.0000000180025095e-35 27.19999980926514 3577.0000000000005 29.650000572204593 1.0000000180025095e-35 10.750000000000002 25.000000000000004 42384.000000000007 10.500000000000002 2.5000000000000004 48151.125000000007 1.0000000180025095e-35 42896.375000000007 2.5000000000000004 38014.339843750007 1.0000000180025095e-35 1411.3750000000002 -2.0499999523162837 1411.3750000000002 16.750000000000004 1.0000000180025095e-35 1.0000000180025095e-35 1.0000000180025095e-35 22.500000000000004 1.0000000180025095e-35 4.5000000000000009 42525.375000000007 655.37500000000011 1.0000000180025095e-35 1.0000000180025095e-35 1.0000000180025095e-35 36968.085937500007 9.5000000000000018 5.6250000000000009 1.0000000180025095e-35 1.0000000180025095e-35 1.0000000180025095e-35 5.0499999523162851 1.0000000180025095e-35 1.0000000180025095e-35 20.69999980926514 0.15000000223517421 1.0000000180025095e-35 1.0000000180025095e-35 55616.250000000007 6725.2500000000009 15.550000190734865 1.0000000180025095e-35 10.550000190734865 1.0000000180025095e-35 1.0000000180025095e-35 1.0000000180025095e-35 1.5000000000000002 57086.435546875007 1.0000000180025095e-35 1.0000000180025095e-35 1.0000000180025095e-35 1.0000000180025095e-35 1.0000000180025095e-35
decision_type=2 2 2 2 2 2 2 2 2 2 2 2 2 2 2 2 2 2 2 2 2 2 2 2 2 2 2 2 2 2 2 2 2 2 2 2 2 2 2 2 2 2 2 2 2 2 2 2 2 2 2 2 2 2 2 2 2 2 2 2 2 2
left_child=2 4 3 7 5 16 19 11 -7 -3 -6 12 14 28 -1 -8 -2 -18 23 40 -10 -15 -23 24 25 27 -5 31 29 -14 -30 32 33 37 55 36 -22 38 39 41 -4 42 45 44 -37 46 48 51 50 -31 52 -38 53 54 57 -17 61 58 59 60 -12 -57
right_child=1 9 6 26 10 8 15 -9 20 -11 18 -13 13 21 -16 34 17 -19 -20 -21 35 22 -24 -25 -26 -27 -28 -29 30 49 -32 -33 -34 -35 -36 43 47 -39 -40 -41 -42 -43 -44 -45 -46 -47 -48 -49 -50 -51 -52 -53 -54 -55 -56 56 -58 -59 -60 -61 -62 -63
leaf_value=-0.0049648715451794554 0.0071212864051991088 0.049588444628773244 0.036478322739490227 0.039140708128111421 0.023007629277691687 0.013927121947318953 -0.0038771400582025169 0.067186098181262144 0.014165457660243519 0.060505672671005178 0.048697438191557911 -0.0076704618343989761 -0.0067114676552545577 0.021928286887510386 0.10284738840173992 0.068960981165157489 -0.0077866961874612055 0.029233316246241838 -0.024317546542783376 0.042923638751021197 0.031154113770951248 0.016380352053722635 0.074379580681997362 -0.0214461903878077 -0.023750993152600017 -0.020872856525904478 0.072505742511596125 -0.017014534758665031 -0.0015124984849884907 0.030612317656978388 0.012580014775187965 -0.023413194601492458 -0.017924426346068414 -0.02329458990296264 0.013228906027294833 0.0044325632406104791 0.050910008270360796 -0.022939016578226615 -0.022941631685468835 -0.017592479196932392 0.014235955397734715 -0.021004781909820899 -0.022772575811479928 0.037841776558178823 0.054826236686344731 -0.0076421825726337277 -0.0071266504147391076 -0.0046144873410372744 0.020313556775084406 0.012245553004372639 -0.012097189675000909 0.040370149077792537 -0.014992413865588057 -0.013340124418163488 -0.001244911512759211 0.02989643217427165 0.057367797135547405 -0.012750589600880371 -0.00076921636353586816 -0.011388769430546827 -0.011300275800291682 0.060278887646516871
leaf_weight=9591.8694409504533 6046.836635813117 26184.325465045869 5339.318273678422 15556.681843161583 4960.4146376252174 4404.4611270949244 739.6076921671629 928.78560467809439 2964.7517107352614 72756.327621206641 150816.82892969996 6308.6813713163137 2365.9900040701032 5845.5196304619312 196.04186619818211 4100.4540700688958 1713.0898890793324 31693.491460330784 433.47901777923107 9000.1511420980096 14001.219899661839 874.69288319349289 1726.2162076830864 428.96545942127705 397.08143811672926 428.36091043800116 1852.0263722240925 466.37659358978271 14319.479452691972 9850.6188191398978 24969.996944054961 371.19599436968565 436.8240237981081 359.10494442284107 1118.8240605816245 3411.7900747805834 27714.043170928955 327.65945284068584 326.97859255224466 377.23252871632576 7453.4618363156915 335.12304283678532 315.68936828523874 9560.4082513079047 949.03286159783602 480.98474764078856 487.61230027675629 548.90015462785959 1918.0713973864913 7077.8780611231923 385.50202308595181 22146.8943118155 337.13059366494417 346.09832037240267 529.64350438117981 4760.5285899266601 8319.6126820147038 342.71016927808523 528.23784977197647 345.91013570129871 344.17981990426779 1859.2804614752531
leaf_count=77975 38810 54197 23651 53134 21164 25146 5036 2830 14988 77447 383717 54005 18605 37850 274 5277 12616 156818 3023 30228 55147 5241 3973 2991 3025 3066 2203 2989 117168 57038 167251 3019 3032 3010 5538 19795 84739 3025 3016 2989 43120 2986 3016 33546 2395 2962 2996 3722 7723 45690 2940 72245 2966 2975 2956 18544 14405 2932 2962 2941 2934 2090
internal_value=0.0386162 0.0442125 0.0234401 0.0164141 0.0396705 0.0337754 0.0401388 0.0109721 0.0381666 0.0576165 0.044093 0.010344 0.0118234 0.0139595 -0.0028055 0.0491131 0.0242369 0.0273349 0.0447391 0.031533 0.0394798 0.0320733 0.0548743 0.0449246 0.0451014 0.0452716 0.0426902 0.0454485 0.011348 0.0192979 0.00744384 0.0456309 0.0457918 0.0459669 0.0510573 0.0404379 0.0425184 0.0461238 0.0462668 0.0464101 0.0235192 0.0465634 0.0467075 0.0308118 0.0153996 0.0468473 0.0470149 0.0456749 0.0471843 0.0229331 0.047519 0.0462285 0.0476686 0.0478065 0.0479449 0.0532801 0.0489762 0.0481158 0.048253 0.048424 0.0485608 0.0384298
internal_weight=535079 390923 144156 101464 291982 125155 42691.2 84055.8 85701.5 98940.7 166827 83127 76818.3 67030.4 9787.91 20898.3 39453.4 33406.6 161867 21792.9 81297 8446.43 2600.91 161434 161005 160607 17408.7 160179 58584 19294.5 39289.5 159713 159342 158905 20158.7 78332.3 64411.1 158546 158218 157891 12792.8 157514 157179 13921.2 4360.82 156863 156382 50409.8 155894 16928.5 153976 49860.9 153591 153254 152908 19039.9 14939.4 152378 152035 151507 151161 6619.81
internal_count=1924092 1132966 791126 643237 1001322 519967 147889 587900 311723 131644 481355 585070 531065 452816 78249 50890 208244 169434 460191 96999 286577 47064 9214 457168 454177 451152 55337 448086 405752 121333 284419 445097 442078 439046 45854 271589 215853 436036 433011 429995 66771 427006 424020 55736 22190 421004 418042 160706 415046 102728 407323 156984 404383 401417 398442 40316 35039 395486 392554 389592 386651 20634
is_linear=0
shrinkage=0.02


Tree=14
num_leaves=63
num_cat=0
split_feature=1 4 4 16 16 4 4 13 0 21 20 10 10 13 4 11 20 20 21 10 13 10 3 13 20 1 16 10 20 3 6 10 10 10 10 13 1 13 20 18 0 20 10 150 2 13 10 11 128 6 13 20 10 10 9 13 11 3 20 13 20 20
split_gain=194807 73493.1 40977.2 25546.6 25485.6 18461.5 10133.5 9698.44 7092.32 6007.17 6303.2 6000.31 9166.4 7741.41 5358.27 5322.87 5228.18 5114.18 6584.37 4299.14 5571.44 4659.2 4290.74 4177.79 4088.16 3885.1 3717.95 3597.66 6462.83 3529.93 4205.46 3468.48 3466.73 3462.06 3265.32 3251.19 3211.78 3182.32 3117.8 3094.34 3088.33 3075.86 3380.36 3047.4 3088.49 3043.42 3038.73 2964.32 2916.23 2891.27 3434.65 3877.63 2849.25 4356.73 4844.08 3376.27 4824.12 2775.92 2735.95 2678.76 2625.81 3117.33
threshold=1.0000000180025095e-35 13825.500000000002 7152.1250000000009 53.928178787231452 53.928178787231452 5961.6250000000009 17360.125000000004 8.9499998092651385 22.500000000000004 1.0000000180025095e-35 10.500000000000002 319.50000000000006 247.50000000000003 25.050000190734867 5249.0000000000009 18.900000572204593 11.500000000000002 10.500000000000002 1.0000000180025095e-35 248.50000000000003 11.250000000000002 339.50000000000006 59827.875000000007 14.84999990463257 3.5000000000000004 13.500000000000002 53.829820632934577 97.500000000000014 1.5000000000000002 39292.925781250007 12.875000000000002 57.500000000000007 287.50000000000006 338.50000000000006 94.500000000000014 25.94999980926514 11.500000000000002 5.6499998569488534 2.5000000000000004 8.5000000000000018 1.0000000180025095e-35 10.500000000000002 100.50000000000001 1.0000000180025095e-35 27933.879882812504 20.050000190734867 304.50000000000006 23.599999427795414 1.0000000180025095e-35 5.3750000000000009 6.0499999523162851 3.5000000000000004 49.500000000000007 100.50000000000001 9.0500001907348651 13.150000095367433 15.650000095367433 44811.250000000007 8.5000000000000018 9.1500000953674334 11.500000000000002 9.5000000000000018
decision_type=2 2 2 2 2 2 2 2 2 2 2 2 2 2 2 2 2 2 2 2 2 2 2 2 2 2 2 2 2 2 2 2 2 2 2 2 2 2 2 2 2 2 2 2 2 2 2 2 2 2 2 2 2 2 2 2 2 2 2 2 2 2
left_child=1 3 8 43 16 15 19 27 9 10 25 12 13 29 39 -5 37 18 45 20 40 -21 -14 31 -20 38 34 57 47 -7 52 -17 -24 36 -22 -26 59 -3 -2 -11 41 -4 -43 44 -1 -9 -41 -29 -12 -30 -51 -52 -31 54 -54 -55 -57 -6 -15 -8 61 -32
right_child=2 4 6 5 7 11 33 17 -10 14 48 -13 22 58 -16 23 -18 -19 24 21 26 -23 32 -25 35 -27 -28 28 49 30 60 -33 -34 -35 -36 -37 -38 -39 -40 46 -42 42 -44 -45 -46 -47 -48 -49 -50 50 51 -53 53 55 -56 56 -58 -59 -60 -61 -62 -63
leaf_value=0.005142502806904611 0.009691450277029133 0.0032450761842866709 0.032873302577752769 0.00016869146741788576 -0.006005705509706011 -0.012551267447341677 0.046979944326891614 0.042616467311085086 0.067743124259371165 -0.0093147545976340826 0.0029777527242351061 -0.0027722699001459074 0.029793683179466721 0.030935642252243736 0.037507416911738638 -0.010965308765506672 -0.021950153537542465 0.062857858987394641 0.04815878186093716 0.052365733084256127 0.057536810390714975 0.019638074615077845 0.053499812976899229 0.0069625013275067191 0.0088266653544926566 0.043886919712478573 0.049335444357169161 0.01184439534859642 0.0061276975660330283 0.0012350440197689957 0.014256755159970493 0.030583557789124759 0.016274302302291769 -0.022668396217151724 -0.023645451907068234 0.054502064837562564 0.057413878932584685 0.022288785123407772 0.033940529536563555 0.010045799349437301 0.04342137526575357 0.071773267558112919 -0.005223091610052669 0.037299471985798166 -0.0099424039634462211 0.054706104528392523 0.04752070916891759 0.042941055673068718 0.089195168911817876 0.019081701686237545 0.015948001059650087 0.047171699463944707 0.0031645734004119015 0.0069601718868707542 0.055849953517319993 0.067827978961432583 0.0040633240639577255 0.049163555262972433 0.074669651139327511 0.05568019166240952 0.05670824888599954 -0.012255900510019426
leaf_weight=7772.3083798736334 2355.8313680514693 4652.3172947317362 10850.358873680234 20545.115950137377 387.60847356170416 1544.6142966374755 28673.765800252557 29621.628435559571 2234.0180925577879 2489.3625329658389 2986.9326292723417 2996.9407038316131 15725.129764772952 1045.3460522443056 4020.0627132058144 906.55572314560413 1437.4584077000618 5762.1629596948624 2187.8251258656383 44285.518951624632 317.26151660829782 1811.1260454058647 6660.8448848351836 11273.298087947071 4316.0221419110894 17842.125996999443 31168.542273662984 1350.0314726009965 3450.6685186773539 1381.0359227359295 15945.548150151968 7081.7601579427719 1177.6032024398446 230.1114341840148 528.01152642816305 728.58671709150076 85650.974310830235 14294.384441636503 21266.655276447535 4240.2445514574647 10415.024331845343 264.57475549727678 1653.3816389217973 686.55196262896061 18007.0879644081 11587.123961947858 1087.4808822646737 13367.187671042979 165.62666531652212 11027.282597862184 2376.654759183526 4812.4373070150614 857.33660876005888 3265.4989828839898 3757.3428576439619 1099.4083428755403 835.07005573809147 6203.9039744436741 1264.0757503956556 27958.058343648911 524.45248971134424 1995.9789378270507
leaf_count=67127 13308 38735 36846 164273 2449 12247 49793 76776 2562 19002 19726 20853 72250 4964 16879 7943 13969 8276 5388 81354 815 7467 18786 80334 24222 57125 67067 6750 18320 10286 92235 37318 5882 1877 3511 1752 87644 82072 83378 26833 24401 422 9509 4623 179874 21077 4585 38433 283 50482 10913 13536 6492 22090 11192 3691 5481 15944 1516 35962 1736 14154
internal_value=0.0370726 0.0237737 0.047796 0.0131839 0.0351548 0.0178131 0.0514076 0.0394197 0.0327926 0.0314096 0.0347699 0.0248123 0.0262606 0.0195403 0.0187434 0.00725005 0.0148227 0.0450456 0.0429268 0.0465712 0.0428058 0.0510799 0.0358192 0.0148033 0.025326 0.0368427 0.048213 0.032324 0.029861 0.0169255 0.0184605 0.0258684 0.0479073 0.0548451 0.00682518 0.0154235 0.0549705 0.0176126 0.0315222 0.00909376 0.035339 0.0287462 0.00539826 -0.00428689 -0.00539441 0.0460158 0.0176951 0.0400885 0.00750738 0.022914 0.0260937 0.0368494 0.0281321 0.0319168 0.0460618 0.019364 0.0403022 0.0459194 0.0548737 0.0512751 0.0125967 0.0113072
internal_weight=546407 243912 302495 126349 117563 99883 243807 97179.1 58688.3 56454.3 44617.2 60076.2 57079.3 33515.7 11837.2 39806.7 20384.2 54203.3 48441.2 101294 55197.2 46096.6 23563.6 19261.6 7232.43 41464.6 32013.8 42975.8 36384.3 31206.3 29661.7 7988.32 7838.45 142513 845.273 5044.61 142283 18946.7 23622.5 7817.09 23183.3 12768.3 1917.96 26465.9 25779.4 41208.8 5327.73 14717.2 3152.56 21667 18216.4 7189.09 11195.7 9814.66 4614.68 5199.98 1934.48 6591.51 2309.42 56631.8 18466 17941.5
internal_count=1924790 1274441 650349 845347 429094 593723 406668 294318 243681 241119 173820 303855 283002 186084 67299 289868 134776 137491 129215 231392 142571 88821 96918 125595 31362 153811 71393 156827 138434 179604 167357 45261 24668 175276 4326 25974 173399 120807 96686 50420 71178 46777 9931 251624 247001 97853 31418 45183 20009 93251 74931 24449 59232 48946 17684 31262 9172 18393 6480 85755 108125 106389
is_linear=0
shrinkage=0.02


Tree=15
num_leaves=63
num_cat=0
split_feature=1 4 4 5 16 16 19 19 4 16 13 11 16 6 17 5 10 20 20 13 20 10 20 123 1 11 16 20 1 19 20 17 5 1 171 20 13 10 20 19 17 20 19 20 17 3 10 19 6 13 20 19 150 17 4 1 13 20 10 10 13 22
split_gain=179842 68238.3 37419.1 27628.6 22957.9 13917.4 11729.7 10128.5 9612.46 9015.95 8864.42 6481.45 5831.78 5558.58 5410.3 5338.83 5193.07 5081.35 5060.83 6302.29 5255.86 5257.94 5640.29 4487 4452.94 4281.54 4276.84 4221.56 4114.12 3852.32 4683.29 3768.5 3728.98 3564.08 3542.15 3524.52 3511.19 3505.83 5842.53 4116.38 3490.87 3424.81 3673.1 3655.86 3267.59 3260.85 3172.47 3123.51 3088.93 3547.94 3752.01 3051.86 3035.04 3007.45 3004.26 2983.67 2968.39 2930.03 2927.95 2879.59 3227.77 2840.78
threshold=1.0000000180025095e-35 14454.370117187502 7152.1250000000009 2833.6250000000005 53.928178787231452 53.928178787231452 2.5000000000000004 3.5000000000000004 17360.125000000004 53.928178787231452 9.1500000953674334 22.500000000000004 53.829820632934577 26653.625000000004 9.2086114883422869 3308.6250000000005 67.500000000000014 11.500000000000002 7.5000000000000009 -1.7499999999999998 5.5000000000000009 293.50000000000006 3.5000000000000004 1.0000000180025095e-35 8.5000000000000018 44.100000381469734 54.819992065429695 7.5000000000000009 13.500000000000002 4.5000000000000009 10.500000000000002 9.5003366470336932 2833.6250000000005 11.500000000000002 1.0000000180025095e-35 11.500000000000002 5.6499998569488534 97.500000000000014 1.5000000000000002 1.5000000000000002 9.5122933387756365 8.5000000000000018 1.5000000000000002 6.5000000000000009 9.9310779571533221 53159.859375000007 338.50000000000006 3.5000000000000004 5.3750000000000009 6.0499999523162851 3.5000000000000004 1.0000000180025095e-35 1.0000000180025095e-35 9.8297715187072772 3835.8750000000005 24.500000000000004 10.650000095367433 4.5000000000000009 311.50000000000006 80.500000000000014 12.650000095367433 1.0000000180025095e-35
decision_type=2 2 2 2 2 2 2 2 2 2 2 2 2 2 2 2 2 2 2 2 2 2 2 2 2 2 2 2 2 2 2 2 2 2 2 2 2 2 2 2 2 2 2 2 2 2 2 2 2 2 2 2 2 2 2 2 2 2 2 2 2 2
left_child=1 3 6 7 17 56 12 9 15 52 37 51 -2 -9 26 27 -13 34 20 -20 21 23 -23 32 -22 -15 58 33 40 -12 -31 -29 -8 -4 36 -30 -3 -6 39 -39 -14 43 -43 -18 -16 54 55 -17 -40 -50 -51 -11 -1 -34 -24 -10 -5 -35 -7 60 -46 -58
right_child=2 4 8 5 10 14 18 13 46 11 29 16 28 25 44 47 41 -19 19 -21 24 22 45 -25 -26 -27 -28 31 35 30 -32 -33 53 57 -36 -37 -38 38 48 -41 -42 42 -44 -45 59 -47 -48 -49 49 50 -52 -53 -54 -55 -56 -57 61 -59 -60 -61 -62 -63
leaf_value=-0.0065911896317975395 -0.019399135553868494 2.1968618660799765e-05 0.0362898020068411 -0.010790646794874632 0.045286436264175112 0.042278637937832569 0.0027466683103466549 -0.0081654860753127261 0.05062339009368471 0.019785965526793341 0.046340465692331308 -0.0028423578027572129 0.040331064826634767 0.0054578825053813928 0.017037703477351597 0.052156653544155614 0.02966853212679383 -0.022115863356399444 0.092007901577381437 0.0029294246918975843 0.022387876237171162 0.013689282943821138 -0.013233816545496031 0.093848537407476521 0.057080097187502531 0.048313289931291463 0.007499016855299398 0.035258647406261376 0.050391246092334904 0.023890759325164077 0.065333960228388138 0.0065927913046194414 0.010314340335751048 0.041123408912007511 0.063832618944920219 -0.00075061075145804973 0.020835508892181824 0.016001216409816631 0.0057023879680531322 0.043855976552042181 0.020819324704555768 0.014496837048053043 0.059436275287478767 0.0047199749923348662 0.065102402933661721 0.087217088054605721 -0.021850738957143116 0.042249478923694163 0.01862257940053905 0.016791900925996799 0.045771045858809409 0.0033516724450231247 0.055804847801383131 0.050684212570974677 0.060332705709477692 0.056637844570723371 0.0093232364131840013 0.056576583108380984 -0.001209813160967339 0.026965240904653621 -0.017259862752747702 0.08764051208617657
leaf_weight=10602.792678564787 654.0069570094347 4291.6793992593884 18211.325872801244 4046.1045296117663 6537.6285980418324 16160.494439579546 7027.7470842376351 22639.76628048718 95267.66315369308 6442.6987902745605 43485.526417978108 2445.6357923299074 11604.473204344511 6116.3281444087625 14263.478873722255 37306.251673728228 9719.9764122962952 1400.1719458699226 333.74183414131403 6608.1929702684283 2546.3138714209199 1734.9565966576338 323.9940440133214 266.3808669000864 3533.807966299355 1100.2435121685266 1719.8885754421353 6996.1287570148706 14594.14650528878 6373.1351350769401 1315.9022212326527 2486.3546686843038 1552.482293613255 10184.724911637604 634.88993106782436 559.69431441277266 13256.277885228395 2560.7819097265601 3508.8803609907627 12389.413977220654 5362.7433785498142 1036.9959710538387 2437.6523172259331 3098.3002181053162 1558.5304735973477 1054.8202535286546 228.6448490023613 19322.22161051631 10756.612601436675 2672.705007225275 5393.5275315865874 15144.058789424598 321.27327250689268 1407.2381897643209 705.63883332163095 50471.990393787622 4588.8921261206269 9472.7114397883415 643.93845025449991 8249.0995123833418 216.80603348463774 193.05392076075077
leaf_count=105083 5168 36966 53156 38427 17189 45554 44348 203777 129471 39257 94011 18123 37375 47249 77504 59920 47270 13846 553 42799 12313 9673 2394 491 9687 3357 10821 21283 36715 27362 1056 11708 7672 27229 679 2794 75979 11667 18515 32642 23942 6144 5910 19777 3463 1476 1889 43036 48427 11849 14475 117366 1875 4101 1836 43882 36411 15537 3456 36436 1461 730
internal_value=0.035725 0.0230071 0.0458774 0.0132471 0.0343148 0.0246819 0.0316757 0.00596652 0.0492792 0.011361 0.0383796 0.0157271 0.0397247 -0.00329331 0.0293967 0.0446322 0.0243331 0.0145971 0.0219394 0.00721198 0.0270124 0.0202991 0.0403293 0.0128381 0.0425512 0.0119916 0.0375378 0.0396762 0.0409285 0.044033 0.0309834 0.0277423 0.0106774 0.0426644 0.0174242 0.0485024 0.0157452 0.0317772 0.0294083 0.0390848 0.0341641 0.0284123 0.0460243 0.0236382 0.0231876 0.0625026 0.0525895 0.0487762 0.0229303 0.0261418 0.036169 0.00825659 -0.00475614 0.0295087 0.0371836 0.0527063 0.00181723 0.0485701 0.0406122 0.0319381 0.0550442 0.012485
internal_weight=557142 247323 309818 132746 114577 51640.3 59870.4 81105.7 249948 51249.4 94994.1 40325.3 32775.1 29856.3 42812.2 103980 18738.6 19583 27095.3 6941.93 20153.4 14073.3 3819.41 10253.8 6080.12 7216.57 18524.3 47351.2 32121.1 51174.6 7689.04 9482.48 9987.47 37868.8 18182.8 15153.8 17548 43819.5 37281.9 14950.2 16967.2 16292.9 3474.65 12818.3 24287.9 2084.45 145968 56628.5 22331.7 18822.8 8066.23 21586.8 10924.1 2959.72 1029.63 145740 8828.05 19657.4 16804.4 10024.4 1775.34 4781.95
internal_count=1924562 1274114 650448 869451 404663 254263 243337 615188 407111 360805 277193 253847 105994 254383 178695 231869 97224 127470 137343 43352 93991 71991 15379 56612 22000 50606 59831 128913 100826 122429 28418 32991 56121 95922 113624 39509 112945 154764 137575 44309 61317 79101 12054 67047 118864 5706 175242 102956 93266 74751 26324 156623 106958 11773 4230 173353 75568 42766 49010 41360 4924 37141
is_linear=0
shrinkage=0.02


Tree=16
num_leaves=63
num_cat=0
split_feature=1 4 4 16 5 16 19 8 5 1 4 16 13 19 20 13 171 13 8 4 5 19 8 16 20 10 2 13 20 1 5 0 4 10 2 19 2 3 171 20 20 18 20 20 5 17 6 13 10 17 17 16 20 20 14 3 10 20 2 5 10 14
split_gain=164727 62623.2 34988.6 27117.4 20578.6 16293.3 10563.3 7610.06 6802.56 6767.37 6598.67 6336.71 5842.07 5470.25 5222.75 5212.29 5145.78 5311.07 5941.1 4864.11 4895.97 4684.6 4671.36 4506.25 4180.46 4051.85 4411.4 4008.95 3960.3 3924.4 4841.66 3860.02 3763.02 3727.92 3687.04 3599.99 3545.72 3449.15 3435.22 3432.57 5634.56 3341.32 3291.02 3097.47 4447.85 4221.34 3673.67 3512.5 2949.55 2946.61 5168.34 3329.77 2894.14 2868.1 2864.05 2826.21 2811.32 2798.49 2760.24 2740.06 2717.5 2973.96
threshold=1.0000000180025095e-35 10500.875000000002 9496.0000000000018 53.928178787231452 1285.1250000000002 53.928178787231452 2.5000000000000004 29.94999980926514 3577.0000000000005 17.500000000000004 4450.2500000000009 53.829820632934577 11.150000095367433 3.5000000000000004 6.5000000000000009 5.6499998569488534 1.0000000180025095e-35 9.6500000953674334 46.049999237060554 15177.250000000002 6510.8750000000009 4.5000000000000009 19.349999427795414 53.829820632934577 4.5000000000000009 175.50000000000003 908.43499755859386 8.7500000000000018 9.5000000000000018 14.500000000000002 1411.3750000000002 7.5000000000000009 16724.750000000004 161.50000000000003 41533.125000000007 1.0000000180025095e-35 47652.625000000007 41329.625000000007 1.0000000180025095e-35 11.500000000000002 7.5000000000000009 8.5000000000000018 2.5000000000000004 8.5000000000000018 3603.5000000000005 9.8459734916687029 4.8750000000000009 19.94999980926514 213.50000000000003 9.1928801536560076 9.8297715187072772 54.819992065429695 10.500000000000002 8.5000000000000018 1.0000000180025095e-35 64910.259765625007 78.500000000000014 10.500000000000002 26822.750000000004 3335.5000000000005 257.50000000000006 1.5000000000000002
decision_type=2 2 2 2 2 2 2 2 2 2 2 2 2 2 2 2 2 2 2 2 2 2 2 2 2 2 2 2 2 2 2 2 2 2 2 2 2 2 2 2 2 2 2 2 2 2 2 2 2 2 2 2 2 2 2 2 2 2 2 2 2 2
left_child=1 4 6 16 14 38 23 19 13 11 31 24 60 15 25 -7 17 18 -3 20 33 43 28 -2 -4 35 -27 -25 41 30 -29 -8 -13 -5 39 -1 -17 -14 -6 40 -12 -10 -28 44 55 47 -46 57 56 51 -51 -21 -23 -33 -43 -19 -39 -45 -48 -36 61 -9
right_child=2 3 9 7 5 8 10 12 22 -11 34 32 37 -15 -16 36 -18 21 -20 49 -22 52 -24 27 -26 26 42 29 -30 -31 -32 53 -34 -35 59 -37 -38 48 -40 -41 -42 54 -44 45 46 -47 58 -49 -50 50 -52 -53 -54 -55 -56 -57 -58 -59 -60 -61 -62 -63
leaf_value=0.016774784346117309 -0.0010323579615791533 -0.003843697141962225 -0.0093110591769290339 0.0086354557623980581 -0.0060800446656027549 0.0010206215429292139 0.010668191283228117 0.045930990021542162 0.0031106330564314023 0.052152266086271944 0.039069396222537016 0.041350960812897249 0.00017719618763087933 0.004429622798940081 -0.011551404421514455 0.022587498932384906 0.062059788209887556 0.0056923141943966329 0.046525567205914976 0.043727279813588642 0.057593525097060859 -0.0085477340636799602 0.041390459165119776 0.031981047378248806 0.034852441666176223 0.053918546501854819 -0.015059263281309479 0.025777194091720221 -0.012113584675631015 0.053493792422585305 0.046865505737956586 0.047081974338389836 0.048442279855038115 0.025838806629352135 0.0051891926133769183 -0.010821085084378871 0.046003905216105513 0.0087149839811152072 0.06837526804571345 0.066587191823993461 0.011444820363099857 0.058888548989948178 0.012539604123599873 -0.011154214070616958 -0.014696493698857081 -0.019600908130248035 0.055956589138897971 0.094618102350750119 0.03846444883219869 0.020964817383851152 0.038712899859946741 0.01301371688901334 0.075642034692100138 -0.013318339534934137 0.026272784807344209 0.093437473626213879 0.053200842916189962 0.065237660560263505 0.02074571801804212 0.036051322366754984 0.040070242022278733 0.022888621781959686
leaf_weight=2399.432876214385 1066.8399694487453 10839.499772809446 1302.9317840784788 7141.881948761642 11135.133793517947 3806.5923226773739 12624.571392327547 2758.5073594897985 1863.7371503263712 94828.953269854188 14734.975911892951 46496.106588378549 645.30082132667303 10295.873938448727 13382.085530065 14145.742749027908 790.30926743149757 2582.7481089383364 1025.2886177152395 14491.186681285501 1535.9267941787839 2731.4682233929634 9562.9049777761102 14742.118412107229 2506.9621900767088 901.92867985367775 2052.7626934349537 7014.287165813148 1220.9311036840081 12168.026940301061 11485.761043101549 2096.6362181454897 84024.090427532792 17107.795882634819 3140.7770504206419 8922.3548226058483 3165.3552336767316 587.05969253927469 253.51291140168905 1348.5987053439021 3693.8262256830931 1394.0180328935385 10932.596090525389 596.15928846597672 417.38523380458355 1275.8457104489207 3574.7838429138064 281.3478296995163 10469.354580275714 13098.151802957058 13154.3036249578 1564.3548213168979 173.71559415757656 369.95664183050394 4734.4121464267373 155.68148512393236 17717.683016128838 282.81505268067122 1185.9884056821465 1816.0994984135032 11914.055221654475 11930.668403327465
leaf_count=16041 6894 93979 6908 40658 108590 27340 76594 6052 10923 109551 47106 101327 3728 73172 125472 73264 960 18817 3113 31635 3185 21770 30581 52053 7632 4008 20210 27977 8430 22756 25467 5746 114204 72823 17730 83967 10573 2883 665 1998 18129 3308 81939 4667 3129 10437 11653 887 27044 58259 38667 8747 456 2646 20711 370 26730 1164 6720 5669 32719 43767
internal_value=0.0343623 0.0222434 0.0439741 0.0304193 0.00999791 0.0171742 0.0331204 0.0343044 0.0220748 0.0480617 0.0255615 0.0451739 0.0397643 0.0163823 -0.00145301 0.0222099 0.0118103 0.0102296 0.000508933 0.0298125 0.0229654 0.0189288 0.0315988 0.0395975 0.0197491 0.00390766 0.0111475 0.0405521 0.0214353 0.0446721 0.0388699 0.0151392 0.0459161 0.0207722 0.0319206 -0.00497268 0.0268692 0.0459059 -0.00442266 0.0357864 0.0335324 0.0265604 0.0081767 0.0252266 0.0312952 0.00550593 0.042197 0.0331124 0.0469314 0.0339855 0.0298578 0.0407347 -0.0035136 0.0380227 0.0336918 0.0106807 0.0517741 0.0134253 0.047185 0.0164965 0.0329726 0.0272158
internal_weight=565660 250199 315462 150029 100169 61578.2 86302.5 124116 50189.6 229159 39825.4 134330 56022.6 31413.6 38591.2 21117.7 25913 25122.7 11864.8 68093.6 25785.6 13257.9 18776 46477 3809.89 25209.1 13887.3 45410.2 9213.1 30668.1 18500 15091.2 130520 24249.7 24734.3 11321.8 17311.1 29419.4 11388.6 19777.4 18428.8 7992.17 12985.4 10352.8 7916.59 2436.17 5178.16 1160.32 28774.1 42308 26252.5 16055.5 2905.18 2466.59 6128.43 2738.43 18304.7 878.974 4760.77 4956.88 26603.2 14689.2
internal_count=1924600 1274213 650387 575019 699194 367557 310765 396897 258302 339622 175618 230071 142923 184349 331637 111177 178122 177162 97092 253974 116666 80070 73953 135147 14540 206165 106157 128253 43372 76200 53444 84986 215531 113481 90632 100008 83837 60385 109255 67233 65235 34942 102149 57844 40689 17155 21502 6718 56657 137308 96926 40382 22226 8392 24019 19187 29613 5831 18373 23399 82538 49819
is_linear=0
shrinkage=0.02


Tree=17
num_leaves=63
num_cat=0
split_feature=1 4 4 17 4 5 19 17 183 13 17 133 174 45 4 13 19 4 103 13 5 27 49 107 17 20 17 10 20 19 13 0 10 1 5 20 2 67 10 20 0 113 3 2 10 6 10 20 10 10 13 17 17 20 5 9 14 20 17 36 19 20
split_gain=152791 57904.7 32306.1 18492.9 13937.1 10084.4 9715.07 8392.75 8041.36 7757.01 7211.07 7085.84 7279.33 7114.63 6609.99 6585.79 6590.16 5860.85 5443.05 5433.99 5694.72 5354.46 5159.12 4441.13 4426.74 4295.09 4291.27 4175.77 4151.21 6912.63 4575.86 4054.03 4171.31 3932.54 5348.62 4738.43 3846.12 3759.56 3674.64 3696.26 3539.85 3443.73 3384.76 3235.27 3364.81 3273.49 3462.71 3226.71 6203.93 3738.26 3683.02 3224.36 3624.22 3222.24 3179.27 2901.45 2821.42 2797.09 2756.74 2678.37 2567.17 3328.74
threshold=1.0000000180025095e-35 7152.1250000000009 9496.0000000000018 9.1872515678405779 15790.875000000002 1285.1250000000002 2.5000000000000004 7.8110623359680185 1.0000000180025095e-35 9.0500001907348651 10.579641342163088 1.0000000180025095e-35 1.0000000180025095e-35 1.0000000180025095e-35 21136.875000000004 5.1499998569488534 3.5000000000000004 4450.2500000000009 1.0000000180025095e-35 26.750000000000004 3076.1250000000005 1.0000000180025095e-35 1.0000000180025095e-35 1.0000000180025095e-35 10.579641342163088 6.5000000000000009 11.177026748657228 57.500000000000007 10.500000000000002 4.5000000000000009 20.650000572204593 3.5000000000000004 341.50000000000006 13.500000000000002 1862.1250000000002 11.500000000000002 29822.250000000004 1.0000000180025095e-35 175.50000000000003 2.5000000000000004 7.5000000000000009 1.0000000180025095e-35 40837.259765625007 41533.125000000007 216.50000000000003 16.375000000000004 127.50000000000001 1.5000000000000002 262.50000000000006 97.500000000000014 6.1499998569488534 9.2879447937011737 10.579641342163088 11.500000000000002 4195.8750000000009 18.550000190734867 3.5000000000000004 11.500000000000002 9.2489171028137225 1.0000000180025095e-35 4.5000000000000009 8.5000000000000018
decision_type=2 2 2 2 2 2 2 2 2 2 2 2 2 2 2 2 2 2 2 2 2 2 2 2 2 2 2 2 2 2 2 2 2 2 2 2 2 2 2 2 2 2 2 2 2 2 2 2 2 2 2 2 2 2 2 2 2 2 2 2 2 2
left_child=1 5 6 7 10 25 33 -3 11 24 19 12 13 18 31 36 51 40 21 20 37 22 23 27 47 38 -12 -9 29 30 -11 32 58 34 -2 -35 -7 41 -1 -40 -8 55 -29 44 45 -19 -47 48 -6 57 -51 -17 -53 -30 -50 -5 -31 -49 -4 -44 -33 -62
right_child=2 3 14 4 9 15 17 8 -10 28 26 -13 -14 -15 -16 16 -18 43 -20 -21 -22 -23 -24 -25 -26 -27 -28 42 53 56 -32 60 -34 35 -36 -37 -38 -39 39 -41 -42 -43 59 -45 -46 46 -48 49 54 50 -52 52 -54 -55 -56 -57 -58 -59 -60 -61 61 -63
leaf_value=-0.0068917653483115725 0.023840484160425293 -0.010359411845379148 0.044394750499477463 -0.0020400304602186028 0.014985257966967614 0.045808193533237472 0.010674936390503134 0.012858390580038032 -0.023569364579705612 0.031320091644847239 0.038873877554377941 -0.018933700608173183 -0.021253462104064598 -0.016772008860304943 0.049694220651754474 0.034671705057643006 0.0020336584454761484 0.0057531624464826148 -0.0015218488598225286 0.049348327439454803 0.0175768131839046 0.00089280523581150659 -0.0035620881783527672 0.0014766090889946285 0.037979567332120746 -0.012186365410640181 -0.0072006832241844187 0.016559035791943982 0.060665849788111181 0.039444491419283953 0.049321421197004944 0.050904198241263014 -0.00064108411614470495 0.046171778870345681 0.042008754385377593 -0.0047613973203493023 -0.0082304806487597647 0.095549865584142704 -0.017085350714503719 0.014875078586295488 0.03664784256942967 0.088091456233296644 0.047331767000349273 0.016272724250940174 0.042028297263816371 0.042076116660646611 0.012261921411506433 0.018623333761620727 0.060028984087569758 0.00038759365061455739 0.020553015922818899 0.0123259127655131 0.042202209417760289 0.018732350326472798 0.024073597967564728 0.016693186236569374 0.0033053550381850951 0.054605885228323575 0.037086806355950901 0.014642391656455657 0.04205113153834944 -0.0041610573539575223
leaf_weight=8722.1289111077785 13090.863714754581 1499.5680044367909 44350.886429935694 16359.203619137406 6403.6447696015239 572.58819435536861 12723.184087827802 1601.7589610591531 848.19880201667547 21739.06995934248 6645.9952453225851 847.577790774405 782.42848434299231 863.8952826038003 111717.50147655606 7171.1832526624203 7578.0947345718741 2455.6523518040776 1174.3183119669557 1524.6642113178968 24110.253013007343 1237.9554242268205 935.86746299266815 972.06719724833965 5572.1130432486534 11883.122255310416 920.58331959694624 1546.6157957091928 3719.288113348186 1095.768135227263 7631.1408024281263 30670.998444408178 973.89252356439829 20857.531425774097 12837.554005689919 757.1444390937686 6592.900652743876 175.25176995992661 1691.9270940646529 10016.140364326537 2513.6365685611963 186.4454764649272 46371.856872119009 5000.3517016321421 10572.571823768318 4859.6324937790632 2293.6886751800776 2469.4473406076431 2581.8395698964596 8506.1327731534839 6310.5887690037489 9332.4674836620688 1966.3326515853405 912.89619988948107 1589.1732555627823 4145.0698534920812 4087.5075620412827 1329.299807690084 38632.818150825799 1024.7319728881121 6356.0044417828321 691.2987672239542
leaf_count=78709 53505 13184 76320 129185 32487 2323 76441 7930 6730 70855 22233 6662 6684 6593 120928 29958 56936 13365 5878 4810 132210 6018 6261 6113 14461 113476 6242 7233 5007 3681 15551 36496 5013 47597 30257 3801 54024 324 17142 73353 8335 322 93479 23330 28270 15161 10545 11969 5997 55767 31709 62651 7597 3698 6469 22309 23401 3393 86980 3686 11042 2663
internal_value=0.0331333 0.0215158 0.0422886 0.027166 0.022879 0.00532896 0.0319592 0.0363576 0.0375612 0.0285217 0.0151614 0.0384652 0.0393261 0.0401766 0.0461816 0.0130678 0.0177389 0.0247505 0.0410733 0.0122151 0.0109563 0.0420049 0.0429752 0.0438206 0.0216443 -0.00262552 0.0332682 0.044635 0.0346227 0.0322393 0.0359973 0.0429565 0.0405096 0.0380877 0.0328359 0.0443876 -0.0039123 0.00330637 0.0029355 0.0102565 0.0149597 0.00252506 0.0456749 0.0306746 0.0342429 0.0256768 0.0325163 0.0185261 0.0273486 0.0135143 0.00897625 0.0241826 0.0175253 0.0524017 0.0463298 0.00174701 0.0109453 0.0312147 0.0409926 0.046625 0.0484031 0.037518
internal_weight=574604 253249 321355 187722 128015 65526.9 87961.8 59706.8 58207.3 73947.9 54067.5 57359.1 56511.5 55729.1 233393 33213.6 26048.1 40418.7 54865.2 46500.9 44976.2 53690.9 52452.9 51517 34762.2 32313.3 7566.58 50545 39185.7 34553.5 29370.2 121676 83957.6 47543.1 25928.4 21614.7 7165.49 20866 20430.2 11708.1 15236.8 20690.7 48943.2 25181.9 20181.5 9608.97 7153.32 29190.1 10574.7 18615.5 14816.7 18470 11298.8 4632.18 4171.01 20504.3 5183.28 3798.75 82983.7 47396.6 37718.3 7047.3
internal_count=1924749 1274700 650049 778531 602080 496169 310607 176451 163267 284445 317635 156537 149875 143191 339442 213489 157142 175447 136598 289160 284350 130720 124702 118441 162252 282680 28475 112328 122193 113488 86406 218514 168313 135160 83762 51398 56347 152140 169204 90495 84776 151816 104398 90671 67341 39071 25706 147791 44953 102838 87476 100206 70248 8705 12466 151494 27082 15362 163300 97165 50201 13705
is_linear=0
shrinkage=0.02


Tree=18
num_leaves=63
num_cat=0
split_feature=1 4 16 4 4 5 19 171 16 5 13 13 4 2 4 6 19 9 19 20 16 16 20 13 20 20 4 13 1 5 0 5 5 13 19 2 1 16 0 1 20 19 5 19 2 9 13 19 20 8 9 13 22 20 16 20 6 13 8 144 20 20
split_gain=142777 55598 34658.3 30902.1 12198 9562.4 9228.84 7505.61 7245.61 7138.14 7393.65 7013.82 6331.81 5812.31 5771.75 5044.91 4562.19 4520.93 4300.6 4006.07 3954.66 3749.99 3627.26 8016.62 4105.25 3460.55 3338.27 3229.99 3308 4139.26 3113.18 3096.31 3079.48 3036.38 4837.08 3283.27 2973.08 2944.33 2842.06 2825.52 2799.58 4221.25 2797.56 3333.6 4068.04 2725.11 2646.78 2641.29 3261.7 2599.11 2822.91 2532.62 2475.64 2468.15 2421.07 2869.05 3763.99 2418.67 3762.39 2389.14 2383.15 2376.72
threshold=1.0000000180025095e-35 7152.1250000000009 53.928178787231452 9496.0000000000018 15790.875000000002 1285.1250000000002 2.5000000000000004 1.0000000180025095e-35 53.928178787231452 3076.1250000000005 25.050000190734867 9.1500000953674334 21136.875000000004 33109.964843750007 2660.1250000000005 8.8750000000000018 3.5000000000000004 15.949999809265138 1.5000000000000002 6.5000000000000009 53.829820632934577 53.829820632934577 7.5000000000000009 -0.35000000894069666 5.5000000000000009 11.500000000000002 17512.000000000004 8.7500000000000018 13.500000000000002 1411.3750000000002 1.5000000000000002 2298.6250000000005 1328.6250000000002 7.0499999523162851 3.5000000000000004 29506.750000000004 17.500000000000004 54.819992065429695 7.5000000000000009 8.5000000000000018 10.500000000000002 4.5000000000000009 6510.8750000000009 4.5000000000000009 27449.750000000004 9.4499998092651385 8.9499998092651385 4.5000000000000009 8.5000000000000018 24.250000000000004 32.350000381469734 20.650000572204593 1.0000000180025095e-35 5.5000000000000009 54.059169769287116 1.5000000000000002 5.6250000000000009 13.250000000000002 13.449999809265138 1.0000000180025095e-35 3.5000000000000004 1.5000000000000002
decision_type=2 2 2 2 2 2 2 2 2 2 2 2 2 2 2 2 2 2 2 2 2 2 2 2 2 2 2 2 2 2 2 2 2 2 2 2 2 2 2 2 2 2 2 2 2 2 2 2 2 2 2 2 2 2 2 2 2 2 2 2 2 2
left_child=1 5 7 6 9 19 20 13 -7 10 16 37 21 25 38 -10 17 -4 53 -1 -2 36 24 -24 31 26 45 59 29 -29 -23 -16 -25 35 57 -17 -5 54 -8 -26 41 51 43 -11 -45 46 -3 52 -49 -28 -51 -13 -32 -19 -6 -56 -57 58 -35 -22 -43 -52
right_child=3 2 4 12 11 8 14 -9 15 42 -12 40 -14 -15 22 33 -18 18 -20 -21 27 30 23 32 39 -27 49 28 -30 -31 47 -33 -34 34 -36 -37 -38 -39 -40 -41 -42 60 -44 44 -46 -47 -48 48 -50 50 61 -53 -54 -55 55 56 -58 -59 -60 -61 -62 -63
leaf_value=0.0025128137624623385 -0.00098189154792724409 -0.0077864202735919933 0.01115954860842823 0.0099442393123175196 0.018403547192685912 -0.0064171787089624538 0.0030169237418833385 0.060882481709030253 -1.404743448310796e-05 0.03145609830981376 0.04765505951065406 0.037708398815464519 0.04792994004509106 -0.0090304705493336 0.0179141696543232 0.042153949037390524 0.0025509602376680572 0.0294700804550454 0.04472134111471042 -0.012138567707051467 0.028507688150227809 0.039381852919172809 0.066098635366917707 -0.010478694006721901 0.028624481167404809 -0.022288855709831072 0.038145935469146804 0.023327006875626242 0.048615852210848784 0.042938083839378124 0.048808353022735257 0.034879023118561336 0.017367074965636359 0.0046560795566600935 0.0063958259425692622 -0.0007111685995454571 0.06370587253697535 0.0024284903563065508 0.037673132013179109 0.053320284524942176 0.053387107986353766 0.041281305176874325 0.05249867078447841 0.0039614452682477409 0.032614809056305941 -0.0017812693160101042 0.037825761851648022 0.040154126327632121 -0.00085587005467532048 0.011403296068622011 0.058841962192874575 0.049573250710464291 -0.0018817396810888827 -0.016573814640325174 0.039602215568764525 0.0059072311798712071 0.03080036549123218 0.024672484418292763 0.050936994646841462 0.071324541028208011 0.013404929351185186 -0.024881298487114799
leaf_weight=20415.950448229909 1093.0130339860916 755.0219721198082 9603.7463807538152 2433.3078560754657 6105.7340065538883 6558.1707706078887 6522.9668180346489 1022.5464946776628 5518.7130004912615 26949.808370612562 2691.0998934060335 27759.452313162386 113808.87509830296 7902.1910678073764 9339.4153332188725 878.36834559589624 10374.248746261001 1006.7061836719513 4119.6339578479528 11767.507876388729 14948.748705662787 74059.853202663362 1100.6903880164027 2377.7606892287731 3119.4984920620918 1202.6304279342294 2395.4283065646887 6879.4512086510658 13577.901911616325 11504.314362898469 37542.445630133152 7980.5213003829122 4786.6500415503979 854.45052011311054 4033.9926817044616 3837.294553168118 495.18748592585325 1604.6782048791647 1107.180918097496 4565.0692323073745 5596.9071760252118 1797.3271980956197 1984.467653773725 4434.8856467530131 3583.368574179709 7715.8595604673028 1560.9677947685122 8329.1018300503492 855.42665104568005 9098.7457566261292 888.37769190222025 9714.5821467936039 389.38738162815571 866.50381850451231 12816.262399055064 2767.0369638800621 19928.582444705069 7785.5316283553839 3954.0667263567448 540.11540970206261 3863.8014170974493 160.06365996599197
leaf_count=169060 6856 7202 57474 10507 25117 64361 42474 1360 39039 92794 6408 62878 120837 73235 44658 3223 71270 4166 10670 113482 51399 144513 1472 16999 11622 12035 11409 27052 24566 24664 44079 24241 20690 4972 26740 26370 765 9690 3576 9728 7030 4144 4176 23967 13263 63037 8820 14256 3136 59239 1104 14232 1507 5620 31823 13369 63027 38104 10746 805 18444 906
internal_value=0.0320064 0.0208137 0.026288 0.0407551 0.0301766 0.00493677 0.0307332 0.00755108 0.0124298 0.023589 0.0160989 0.0348772 0.0445228 0.00582964 0.0237342 0.0170311 0.012829 0.0196655 0.0332967 -0.00284429 0.0366301 0.0413983 0.0273323 0.015846 0.031129 0.0107683 0.0125294 0.0374965 0.041129 0.0355994 0.0419388 0.0257311 0.00812548 0.0214383 0.0254555 0.00727315 0.0190349 0.0290121 0.00804575 0.0432952 0.0400792 0.0383524 0.0293987 0.0280878 0.0167667 0.00392967 0.022956 0.0459579 0.0363345 0.0194077 0.0149842 0.0407842 0.048288 0.00817123 0.0300371 0.0320373 0.0277654 0.0315605 0.0427131 0.0300008 0.0222553 0.0460601
internal_weight=583232 255875 190271 327357 157569 65604 89443.3 32701.8 33420.6 65614.5 28661.9 91954.4 237914 31679.3 40899.8 26862.4 25970.8 15596.6 5992.84 32183.5 48543.5 124105 33269.6 8265.1 25004.5 23777.1 22574.5 47450.5 31961.7 18383.8 121176 17319.9 7164.41 21343.7 16628 4715.66 2928.5 43222.3 7630.15 7684.57 48732.1 43135.2 36952.5 34968.1 8018.25 10031.8 2315.99 47116.4 9184.53 12542.6 10147.2 37474 37931.8 1873.21 41617.6 35511.9 22695.6 12594 4808.52 15488.9 5661.13 1048.44
internal_count=1924408 1274006 777909 650402 539562 496097 310802 238347 213555 289808 155608 249754 339600 236987 175460 149194 149200 77930 20456 282542 135342 218763 129410 39161 90249 163752 151717 128486 76282 51716 207491 68899 37689 110155 80562 29593 11272 143026 46050 21350 106728 99698 134200 130024 37230 79059 16022 62978 17392 72658 61249 77110 45586 9786 133336 108219 76396 53822 15718 52204 22588 2010
is_linear=0
shrinkage=0.02


end of trees

feature_importances:
month=130
lat=104
wx_wind_direction_100m=101
lon=94
wx_temperature_2m=86
dow=79
wind_onshore=72
wind_offshore=71
active_7d_lag24=42
wx_wind_gusts_10m=31
active_24h_lag24=29
wx_wind_speed_100m=29
residual_load=27
wx_wind_speed_10m=26
total_load=24
town_St._Peter=19
solar=18
town_Str?bbel=18
town_110kV_Reußenköge_(Privat)=16
town_Uelvesbüll=15
wx_cloud_cover=13
town_Lübke_Koog_Ost=10
town_Niendorf=9
is_weekend=8
town_Wattenbek=7
hour=6
town_Hademarschen=6
town_Hemme_Ost=6
town_Ostermoor_West=6
day_ahead=5
town_110kV_Dörpum_1_(Privat)=5
town_Brachenfeld=5
town_Itzehoe_Mitte=5
is_de_holiday=4
town_Lübke_Koog_West=4
town_110kV_Weesby_(Privat)=3
town_Krogaspe=3
town_Neumünster_Ost=3
town_Quickborn=3
town_Wahlstedt_Neu=3
town_110kV_Großenwiehe_(Privat)=2
town_Bollingstedt_Süd=2
town_Goosefeld=2
town_Gravelund=2
town_Holm=2
town_Lütjenbrode=2
town_Niebüll=2
wx_shortwave_radiation=1
wx_precipitation=1
town_110kV_Hemme-Ost_(Privat)=1
town_110kV_Kamp_(Privat)=1
town_110kV_Ostermoor-Ost_(Privat)=1
town_Ahrenviöl=1
town_Arkebek=1
town_BOSA=1
town_Bramstedt=1
town_Bramstedt_Süd=1
town_Brokstedt=1
town_Elmshorn_Ost=1
town_Kropp=1
town_Linden=1
town_Quickborn_Ost=1
town_Rendsburg_Mitte=1
town_Schenefeld_HH=1
town_Uetersen_W=1
town_Willinghusen=1

parameters:
[boosting: gbdt]
[objective: binary]
[metric: average_precision,binary_logloss]
[tree_learner: serial]
[device_type: cpu]
[data_sample_strategy: bagging]
[data: ]
[valid: ]
[num_iterations: 4000]
[learning_rate: 0.02]
[num_leaves: 63]
[num_threads: 16]
[seed: 0]
[deterministic: 0]
[force_col_wise: 0]
[force_row_wise: 0]
[histogram_pool_size: -1]
[max_depth: -1]
[min_data_in_leaf: 200]
[min_sum_hessian_in_leaf: 0.001]
[bagging_fraction: 0.85]
[pos_bagging_fraction: 1]
[neg_bagging_fraction: 1]
[bagging_freq: 1]
[bagging_seed: 3]
[bagging_by_query: 0]
[feature_fraction: 0.85]
[feature_fraction_bynode: 1]
[feature_fraction_seed: 2]
[extra_trees: 0]
[extra_seed: 6]
[early_stopping_round: 0]
[early_stopping_min_delta: 0]
[first_metric_only: 0]
[max_delta_step: 0]
[lambda_l1: 0]
[lambda_l2: 0]
[linear_lambda: 0]
[min_gain_to_split: 0]
[drop_rate: 0.1]
[max_drop: 50]
[skip_drop: 0.5]
[xgboost_dart_mode: 0]
[uniform_drop: 0]
[drop_seed: 4]
[top_rate: 0.2]
[other_rate: 0.1]
[min_data_per_group: 100]
[max_cat_threshold: 32]
[cat_l2: 10]
[cat_smooth: 10]
[max_cat_to_onehot: 4]
[top_k: 20]
[monotone_constraints: ]
[monotone_constraints_method: basic]
[monotone_penalty: 0]
[feature_contri: ]
[forcedsplits_filename: ]
[refit_decay_rate: 0.9]
[cegb_tradeoff: 1]
[cegb_penalty_split: 0]
[cegb_penalty_feature_lazy: ]
[cegb_penalty_feature_coupled: ]
[path_smooth: 0]
[interaction_constraints: ]
[verbosity: -1]
[saved_feature_importance_type: 0]
[use_quantized_grad: 0]
[num_grad_quant_bins: 4]
[quant_train_renew_leaf: 0]
[stochastic_rounding: 1]
[linear_tree: 0]
[max_bin: 255]
[max_bin_by_feature: ]
[min_data_in_bin: 3]
[bin_construct_sample_cnt: 200000]
[data_random_seed: 1]
[is_enable_sparse: 1]
[enable_bundle: 1]
[use_missing: 1]
[zero_as_missing: 0]
[feature_pre_filter: 1]
[pre_partition: 0]
[two_round: 0]
[header: 0]
[label_column: ]
[weight_column: ]
[group_column: ]
[ignore_column: ]
[categorical_feature: ]
[forcedbins_filename: ]
[precise_float_parser: 0]
[parser_config_file: ]
[objective_seed: 5]
[num_class: 1]
[is_unbalance: 1]
[scale_pos_weight: 1]
[sigmoid: 1]
[boost_from_average: 1]
[reg_sqrt: 0]
[alpha: 0.9]
[fair_c: 1]
[poisson_max_delta_step: 0.7]
[tweedie_variance_power: 1.5]
[lambdarank_truncation_level: 30]
[lambdarank_norm: 1]
[label_gain: ]
[lambdarank_position_bias_regularization: 0]
[eval_at: ]
[multi_error_top_k: 1]
[auc_mu_weights: ]
[num_machines: 1]
[local_listen_port: 12400]
[time_out: 120]
[machine_list_filename: ]
[machines: ]
[gpu_platform_id: -1]
[gpu_device_id: -1]
[gpu_use_dp: 0]
[num_gpu: 1]

end of parameters

pandas_categorical:[]
